fixed acidity,volatile acidity,citric acid,residual sugar,chlorides,free sulfur dioxide,total sulfur dioxide,density,pH,alcohol,label
8.1,0.27,0.41,1.45,0.033,11,63,0.9908,2.99,12,0
8.6,0.23,0.4,4.2,0.035,17,109,0.9947,3.14,9.7,0
7.9,0.18,0.37,1.2,0.04,16,75,0.992,3.18,10.8,0
6.6,0.16,0.4,1.5,0.044,48,143,0.9912,3.54,12.4,1
8.3,0.42,0.62,19.25,0.04,41,172,1.0002,2.98,9.7,0
6.6,0.17,0.38,1.5,0.032,28,112,0.9914,3.25,11.4,1
6.4,0.31,0.38,2.9,0.038,19,102,0.9912,3.17,11,1
7.6,0.67,0.14,1.5,0.074,25,168,0.9937,3.05,9.3,0
7.2,0.32,0.36,2,0.033,37,114,0.9906,3.1,12.3,1
5.8,0.27,0.2,14.95,0.044,22,179,0.9962,3.37,10.2,0
7.3,0.28,0.43,1.7,0.08,21,123,0.9905,3.19,12.8,0
6.5,0.39,0.23,5.4,0.051,25,149,0.9934,3.24,10,0
7.3,0.24,0.39,17.95,0.057,45,149,0.9999,3.21,8.6,0
7.4,0.18,0.31,1.4,0.058,38,167,0.9931,3.16,10,1
6.2,0.46,0.25,4.4,0.066,62,207,0.9939,3.25,9.8,0
6.9,0.19,0.35,5,0.067,32,150,0.995,3.36,9.8,0
6.2,0.16,0.33,1.1,0.057,21,82,0.991,3.32,10.9,1
6.2,0.35,0.03,1.2,0.064,29,120,0.9934,3.22,9.1,0
6.4,0.26,0.24,6.4,0.04,27,124,0.9903,3.22,12.6,1
6.7,0.25,0.13,1.2,0.041,81,174,0.992,3.14,9.8,0
7.4,0.24,0.29,10.1,0.05,21,105,0.9962,3.13,9.5,0
NaN,0.3,0.23,4.6,0.061,50.5,238.5,0.9958,3.32,9.5,0
6,0.27,0.28,4.8,0.063,31,201,0.9964,3.69,10,0
7,0.32,0.34,1.3,0.042,20,69,0.9912,3.31,12,1
7.4,0.18,0.3,8.8,0.064,26,103,0.9961,2.94,9.3,0
6.7,0.54,0.28,5.4,0.06,21,105,0.9949,3.27,9,0
7.1,0.34,0.2,6.1,0.063,47,164,0.9946,3.17,10,0
7.1,0.43,0.61,11.8,0.045,54,155,0.9974,3.11,8.7,0
6.1,0.27,0.43,7.5,0.049,65,243,0.9957,3.12,9,0
6.9,0.24,0.33,1.7,0.035,47,136,0.99,3.26,12.6,1
6.9,0.21,0.33,1.8,0.034,48,136,0.9899,3.25,12.6,1
7.5,0.17,0.32,1.7,0.04,51,148,0.9916,3.21,11.5,1
8.6,0.265,0.36,1.2,0.034,15,80,0.9913,2.95,11.4,1
9.8,0.36,0.46,10.5,0.038,4,83,0.9956,2.89,10.1,0
7.4,0.25,0.37,13.5,0.06,52,192,0.9975,3,9.1,0
7.1,0.12,0.32,9.6,0.054,64,162,0.9962,3.4,9.4,0
6,0.21,0.24,12.1,0.05,55,164,0.997,3.34,9.4,0
7.5,0.305,0.4,18.9,0.059,44,170,1,2.99,9,0
7.2,0.31,0.5,13.3,0.056,68,195,0.9982,3.01,9.2,0
6.7,0.41,0.34,9.2,0.049,29,150,0.9968,3.22,9.1,0
5.5,0.485,0,1.5,0.065,8,103,0.994,3.63,9.7,0
7.8,0.24,0.32,12.2,0.054,42,138,0.9984,3.01,8.8,0
7.4,0.16,0.31,6.85,0.059,31,131,0.9952,3.29,9.7,0
7.4,0.39,0.23,7,0.033,29,126,0.994,3.14,10.5,0
6.5,0.24,0.32,7.6,0.038,48,203,0.9958,3.45,9.7,1
5.7,0.26,0.25,10.4,0.02,7,57,0.994,3.39,10.6,0
6.5,0.425,0.4,13.1,0.038,59,241,0.9979,3.23,9,0
6.6,0.24,0.27,15.8,0.035,46,188,0.9982,3.24,9.2,0
6.7,0.27,0.31,15.7,0.036,44,179,0.9979,3.26,9.6,0
7.1,0.37,0.67,10.5,0.045,49,155,0.9975,3.16,8.7,0
NaN,0.19,0.36,1.9,0.035,30,96,0.9917,3.15,10.8,1
6.3,0.31,0.34,2.2,0.045,20,77,0.9927,3.3,10.2,0
6.4,0.595,0.14,5.2,0.058,15,97,0.9951,3.38,9,0
6.3,0.34,0.33,4.6,0.034,19,80,0.9917,3.38,12,1
7.9,0.22,0.38,8,0.043,46,152,0.9934,3.12,11.5,1
6.4,0.22,0.56,14.5,0.055,27,159,0.998,2.98,9.1,0
6.3,0.36,0.3,4.8,0.049,14,85,0.9932,3.28,10.6,0
6.7,0.24,0.35,13.1,0.05,64,205,0.997,3.15,9.5,0
7,0.23,0.36,13,0.051,72,177,0.9972,3.16,9.8,0
6.7,0.46,0.18,2.4,0.034,25,98,0.9896,3.08,12.6,1
9.8,0.42,0.48,9.85,0.034,5,110,0.9958,2.87,10,0
7.6,0.48,0.37,0.8,0.037,4,100,0.9902,3.03,11.4,0
6.3,0.22,0.43,4.55,0.038,31,130,0.9918,3.35,11.5,1
7.5,0.27,0.31,17.7,0.051,33,173,0.999,3.09,10.2,0
7.2,0.32,0.47,5.1,0.044,19,65,0.991,3.03,12.6,0
5.9,0.23,0.3,12.9,0.054,57,170,0.9972,3.28,9.4,0
6,0.67,0.07,1.2,0.06,9,108,0.9931,3.11,8.7,0
7.1,0.34,0.15,1.2,0.053,61,183,0.9936,3.09,9.2,0
6.8,0.28,0.4,22,0.048,48,167,1.001,2.93,8.7,0
6.8,0.29,0.56,11.9,0.043,66,230,0.9972,3.02,9.3,0
6.5,0.28,0.28,8.5,0.047,54,210,0.9962,3.09,8.9,0
6.6,0.15,0.34,5.1,0.055,34,125,0.9942,3.36,9.6,0
6.4,0.29,0.44,3.6,0.197,75,183,0.9942,3.01,9.1,0
6.9,0.54,0.32,13.2,0.05,53,236,0.9973,3.2,9.6,0
5.8,0.28,0.35,2.3,0.053,36,114,0.9924,3.28,10.2,0
6.4,0.21,0.5,11.6,0.042,45,153,0.9972,3.15,8.8,0
7,0.16,0.32,8.3,0.045,38,126,0.9958,3.21,9.2,0
10.2,0.44,0.88,6.2,0.049,20,124,0.9968,2.99,9.9,0
6.8,0.57,0.29,2.2,0.04,15,77,0.9938,3.32,10.2,0
6.8,0.18,0.38,1.4,0.038,35,111,0.9918,3.32,11.2,1
6.2,0.25,0.25,1.4,0.03,35,105,0.9912,3.3,11.1,1
5.8,0.26,0.24,9.2,0.044,55,152,0.9961,3.31,9.4,0
7.5,0.27,0.36,7,0.036,45,164,0.9939,3.03,11,0
5.7,0.28,0.24,17.5,0.044,60,167,0.9989,3.31,9.4,0
7.1,0.24,0.41,17.8,0.046,39,145,0.9998,3.32,8.7,0
6.8,0.64,0.08,9.7,0.062,26,142,0.9972,3.37,8.9,0
7,0.26,0.59,1.4,0.037,40,120,0.9918,3.34,11.1,1
7.3,0.32,0.23,13.7,0.05,49,197,0.9985,3.2,8.7,0
7.7,0.31,0.26,7.8,0.031,23,90,0.9944,3.13,10.4,0
7.1,0.21,0.37,2.4,0.026,23,100,0.9903,3.15,11.4,1
5.9,0.21,0.28,4.6,0.053,40,199,0.9964,3.72,10,0
6.3,0.35,0.3,5.7,0.035,8,97,0.9927,3.27,11,1
5.8,0.36,0.38,0.9,0.037,3,75,0.9904,3.28,11.4,0
6.9,0.28,0.4,8.2,0.036,15,95,0.9944,3.17,10.2,0
5.3,0.58,0.07,6.9,0.043,34,149,0.9944,3.34,9.7,0
5.2,0.6,0.07,7,0.044,33,147,0.9944,3.33,9.7,0
5.8,0.25,0.26,13.1,0.051,44,148,0.9972,3.29,9.3,0
6.6,0.58,0.3,5.1,0.057,30,123,0.9949,3.24,9,0
7,0.29,0.54,10.7,0.046,59,234,0.9966,3.05,9.5,0
7.7,0.26,0.4,1.1,0.042,9,60,0.9915,2.89,10.6,0
6.8,0.32,0.34,1.2,0.044,14,67,0.9919,3.05,10.6,0
6.8,0.44,0.37,5.1,0.047,46,201,0.9938,3.08,10.5,0
6.7,0.34,0.3,15.6,0.054,51,196,0.9982,3.19,9.3,0
7.3,0.32,0.25,7.2,0.056,47,180,0.9961,3.08,8.8,0
7.4,0.28,0.42,19.8,0.066,53,195,1,2.96,9.1,0
8.3,0.39,0.7,10.6,0.045,NaN,169,0.9976,3.09,9.4,0
6.2,0.33,0.27,4.9,0.036,30,134,0.9927,3.2,10.4,1
5.8,0.34,0.21,6.6,0.04,50,167,0.9941,3.29,10,0
5.9,0.3,0.47,7.85,0.03,19,133,0.9933,3.52,11.5,1
6,0.1,0.24,1.1,0.041,15,65,0.9927,3.61,10.3,1
7.5,0.27,0.31,5.8,0.057,131,313,0.9946,3.18,10.5,0
7.2,0.21,0.41,1.3,0.036,33,85,0.992,3.17,10.4,0
6.8,0.24,0.34,4.6,0.032,37,135,0.9927,3.2,10.6,0
5.6,0.26,0.26,5.7,0.031,12,80,0.9923,3.25,10.8,0
5.9,0.26,0.4,1.3,0.047,12,139,0.9945,3.45,10.4,0
6.6,0.18,0.35,1.5,0.049,49,141,0.9934,3.43,10.2,1
7.4,0.2,0.43,7.8,0.045,27,153,0.9964,3.19,9,1
6.3,0.12,0.36,2.1,0.044,47,146,0.9914,3.27,11.4,1
7.3,0.33,0.4,6.85,0.038,32,138,0.992,3.03,11.9,1
6,0.26,0.32,3.5,0.028,29,113,0.9912,3.4,12.3,1
7.1,0.39,0.35,12.5,0.044,26,72,0.9941,3.17,11.6,0
6.6,0.905,0.19,0.8,0.048,17,204,0.9934,3.34,10,0
5.1,0.33,0.22,1.6,0.027,18,89,0.9893,3.51,12.5,1
6.4,0.31,0.28,1.5,0.037,12,119,0.9919,3.32,10.4,1
7.3,0.2,0.44,1.4,0.045,21,98,0.9924,3.15,10,1
6,0.36,0.39,3.2,0.027,20,125,0.991,3.38,11.3,1
6.3,0.39,0.35,5.9,0.04,82.5,260,0.9941,3.12,10.1,0
7,0.3,0.38,14.9,0.032,60,181,0.9983,3.18,9.3,1
6.5,0.36,0.32,1.1,0.031,13,66,0.9916,3.1,10.6,0
6.8,0.37,0.51,11.8,0.044,62,163,0.9976,3.19,8.8,0
6.8,0.27,0.12,1.3,0.04,87,168,0.992,3.18,10,0
8.2,0.28,0.42,1.8,0.031,30,93,0.9917,3.09,11.4,0
5.9,0.26,0.27,18.2,0.048,52,168,0.9993,3.35,9.4,0
6.1,0.35,0.07,1.4,0.069,22,108,0.9934,3.23,9.2,0
7.1,0.27,0.31,18.2,0.046,55,252,1,3.07,8.7,0
5.8,0.28,0.34,4,0.031,40,99,0.9896,3.39,12.8,1
7.2,0.19,0.39,1.2,0.036,32,85,0.9918,3.16,10.5,0
6.8,0.26,0.22,7.7,0.047,57,210,0.9959,3.1,9,0
7,0.22,0.31,2.7,0.03,41,136,0.9898,3.16,12.7,1
6.9,0.23,0.38,8.3,0.047,47,162,0.9954,3.34,10.5,1
6.8,0.29,0.5,13.3,0.053,48,194,0.9974,3.09,9.4,0
7.8,0.21,0.27,1.2,0.051,20,89,0.9936,3.06,9.1,0
7.1,0.31,0.47,13.6,0.056,54,197,0.9978,3.1,9.3,0
6.4,0.34,0.1,1.1,0.048,19,84,0.9927,3.21,9.8,0
7.4,0.155,0.34,2.3,0.045,73.5,214,0.9934,3.18,9.9,1
6.9,0.2,0.37,6.2,0.027,24,97,0.992,3.38,12.2,1
6.1,0.28,0.32,2.5,0.042,23,218.5,0.9935,3.27,9.8,0
6.7,0.22,0.37,1.6,0.028,24,102,0.9913,3.29,11.6,1
5.8,0.28,0.27,2.6,0.054,30,156,0.9914,3.53,12.4,0
7.2,0.6,0.2,9.9,0.07,21,174,0.9971,3.03,9.1,0
6.1,0.2,0.25,1.2,0.038,34,128,0.9921,3.24,10.1,0
5.9,0.46,0.14,2.7,0.042,27,160,0.9931,3.46,10.6,1
7.1,0.21,0.27,8.6,0.056,26,111,0.9956,2.95,9.5,0
6.1,0.43,0.35,9.1,0.059,83,249,0.9971,3.37,8.5,0
7,0.25,0.29,15.2,0.047,40,171,0.9982,3.22,9.3,0
5.9,0.25,0.19,12.4,0.047,50,162,0.9973,3.35,9.5,0
6.3,0.21,0.58,10,0.081,34,126,0.9962,2.95,8.9,0
6.5,0.38,0.34,3.4,0.036,34,200,0.9937,3.14,10,0
7,0.17,0.31,4.8,0.034,34,132,0.9944,3.36,9.6,1
7,0.24,0.51,11,0.029,55,227,0.9965,3.03,9.5,0
6.7,0.47,0.34,8.9,0.043,31,172,0.9964,3.22,9.2,0
6.2,0.37,0.3,6.6,0.346,79,200,0.9954,3.29,9.6,0
7.1,0.23,0.39,1.6,0.032,12,65,0.9898,3.25,12.7,1
7.2,0.4,0.62,10.8,0.041,70,189,0.9976,3.08,8.6,0
5.7,0.335,0.34,1,0.04,13,174,0.992,3.27,10,0
7.3,0.51,0.26,3.3,0.09,7,135,0.9944,3.01,8.8,0
6,0.24,0.27,1.9,0.048,40,170,0.9938,3.64,10,1
7.8,0.28,0.32,9,0.036,34,115,0.9952,3.17,10.3,1
6.8,0.18,0.37,1.6,0.055,47,154,0.9934,3.08,9.1,0
7.2,0.34,0.34,12.6,0.048,7,41,0.9942,3.19,11.7,0
5.6,0.35,0.37,1,0.038,6,72,0.9902,3.37,11.4,0
7.2,0.31,0.46,5,0.04,3,29,0.9906,3.04,12.5,0
7.9,0.345,0.51,15.3,0.047,54,171,0.9987,3.09,9.1,0
6.1,0.24,0.3,1.5,0.045,22,61,0.992,3.31,10.4,0
6.5,0.18,0.31,1.7,0.044,30,127,0.9928,3.49,10.2,1
7,0.3,0.51,13.6,0.05,40,168,0.9976,3.07,9.6,1
9.2,0.25,0.34,1.2,0.026,31,93,0.9916,2.93,11.3,1
7.8,0.28,0.34,1.6,0.028,32,118,0.9901,3,12.1,1
8.4,0.35,0.71,12.2,0.046,22,160,0.9982,2.98,9.4,0
6.7,0.21,0.42,9.1,0.049,31,150,0.9953,3.12,9.9,1
5.9,0.37,0.1,1.6,0.057,39,128,0.9924,3.24,10.1,0
6.8,0.51,0.3,4.2,0.066,38,165,0.9945,3.2,9.1,0
6.5,0.28,0.29,2.7,0.038,26,107,0.9912,3.32,11.6,1
7.2,0.2,0.34,2.7,0.032,49,151,0.99,3.16,12.7,1
7.4,0.2,0.33,1.9,0.035,39,138,0.991,3.17,11.7,1
7.1,0.22,0.33,2.8,0.033,48,153,0.9899,3.15,12.7,1
6,0.38,0.26,6,0.034,42,134,0.9912,3.38,12.3,1
5.7,0.18,0.22,4.2,0.042,25,111,0.994,3.35,9.4,0
6.1,0.32,0.25,1.7,0.034,37,136,0.992,3.47,10.8,1
6.9,0.28,0.27,2.1,0.036,42,121,0.9926,3.42,10.8,1
6.9,0.41,0.33,10.1,0.043,28,152,0.9968,3.2,9.4,0
6.4,0.45,0.07,1.1,0.03,10,131,0.9905,2.97,10.8,0
6.4,0.475,0.06,1,0.03,9,131,0.9904,2.97,10.8,0
6.9,0.19,0.4,1.4,0.036,14,55,0.9909,3.08,11.5,1
7.3,0.25,0.29,7.5,0.049,38,158,0.9965,3.43,9.6,0
6.1,0.28,0.25,17.75,0.044,48,161,0.9993,3.34,9.5,0
7.5,0.23,0.68,11,0.047,37,133,0.9978,2.99,8.8,0
7.5,0.21,0.68,10.9,0.045,38,133,0.9978,3,8.7,0
7.8,0.32,0.33,2.4,0.037,18,101,0.9912,3.21,11.7,1
6.5,0.46,0.41,16.8,0.084,59,222,0.9993,3.18,9,0
6.5,0.26,0.43,8.9,0.083,50,171,0.9965,2.85,9,0
7.2,0.24,0.34,1.1,0.045,3,64,0.9913,3.23,11.4,0
6,0.36,0.06,1.4,0.066,27,128,0.9934,3.26,9.3,0
7.6,0.56,0.12,10.4,0.096,22,177,0.9983,3.32,9.1,0
7,0.23,0.42,18.05,0.05,35,144,0.9999,3.22,8.8,0
6.2,0.17,0.28,4.7,0.037,39,133,0.9931,3.41,10.8,1
7.4,0.28,0.25,11.9,0.053,25,148,0.9976,3.1,9.2,0
5.8,0.335,0.14,5.8,0.046,49,197,0.9937,3.3,10.3,0
5.6,0.235,0.29,1.2,0.047,33,127,0.991,3.34,11,1
6.1,0.28,0.25,12.9,0.054,34,189,0.9979,3.25,9,0
6.4,0.24,0.29,11.4,0.051,32,166,0.9968,3.31,9.5,0
6.3,0.26,0.25,7.8,0.058,44,166,0.9961,3.24,9,0
6.5,0.33,0.72,1.1,0.061,7,151,0.993,3.09,9.5,0
6,0.32,0.12,5.9,0.041,34,190,0.9944,3.16,10,0
7.1,0.26,0.34,14.4,0.067,35,189,0.9986,3.07,9.1,1
6.5,0.21,0.37,2.5,0.048,70,138,0.9917,3.33,11.4,1
7.3,0.34,0.21,3.2,0.05,14,136,0.9936,3.25,10.2,0
6.6,0.27,0.25,3.1,0.052,41,188,0.9915,3.24,11.3,0
6.8,0.29,0.16,1.4,0.038,122.5,234.5,0.9922,3.15,10,0
6.8,0.25,0.34,14,0.032,47,133,0.9952,3.37,12.2,1
7,0.57,0.1,8.3,0.094,23,188,0.9972,3.4,9.2,0
7.8,0.28,0.22,1.4,0.056,24,130,0.9944,3.28,9.5,0
6.4,0.24,0.5,11.6,0.047,60,211,0.9966,3.18,9.3,0
5.8,0.32,0.38,4.75,0.033,23,94,0.991,3.42,11.8,1
5.7,0.32,0.38,4.75,0.033,23,94,0.991,3.42,11.8,1
6.7,0.28,0.14,1.4,0.043,64,159,0.992,3.17,10,0
6.8,0.34,0.69,1.3,0.058,12,171,0.9931,3.06,9.7,0
6.4,0.27,0.32,4.5,0.24,61,174,0.9948,3.12,9.4,0
8.1,0.46,0.31,1.7,0.052,50,183,0.9923,3.03,11.2,0
6.8,0.22,0.35,5.5,0.043,21,114,0.9938,3.3,10.7,1
6.8,0.67,0.3,13,0.29,22,193,0.9984,3.08,9,0
6.7,0.17,0.37,2,0.039,34,125,0.9922,3.26,10.8,1
5.9,0.37,0.14,6.3,0.036,34,185,0.9944,3.17,9.8,0
6.3,0.34,0.28,14.7,0.047,49,198,0.9977,3.23,9.5,0
7.4,0.31,0.48,14.2,0.042,62,204,0.9983,3.06,9.4,0
6.6,0.38,0.18,1.2,0.042,20,84,0.9927,3.22,10.1,0
8.6,0.27,0.46,6.1,0.032,13,41,0.993,2.89,10.9,0
6.2,0.31,0.21,6.3,0.041,50,218,0.9941,3.15,10,0
6.2,0.47,0.21,1,0.044,13,98,0.99345,3.14,9.2,0
6.1,0.25,0.24,12.1,0.046,51,172,0.998,3.35,9.5,0
7,0.27,0.41,18.75,0.042,34,157,1.0002,2.96,9.1,0
7.4,0.29,0.5,1.8,0.042,35,127,0.9937,3.45,10.2,1
6.6,0.29,0.44,9,0.053,62,178,0.99685,3.02,8.9,0
6,0.3,0.44,1.5,0.046,15,182,0.99455,3.5,10.4,0
6.4,0.39,0.21,1.2,0.041,35,136,0.99225,3.15,10.2,0
6.4,0.24,0.31,2.8,0.038,41,114,0.99155,3.37,11.7,1
7,0.21,0.34,8,0.057,19,101,0.9954,2.99,9.4,0
6.4,0.16,0.31,5.3,0.043,42,157,0.99455,3.35,10.5,0
6,0.33,0.27,0.8,0.185,12,188,0.9924,3.12,9.4,0
8.8,0.28,0.45,6,0.022,14,49,0.9934,3.01,11.1,1
6.9,0.38,0.25,9.8,0.04,28,191,0.9971,3.28,9.2,0
5.9,0.26,0.25,12.5,0.034,38,152,0.9977,3.33,9.4,0
7.4,0.38,0.27,7.5,0.041,24,160,0.99535,3.17,10,0
5.9,0.35,0.47,2.2,0.11,14,138,0.9932,3.09,9.1,0
7.1,0.28,0.44,1.8,0.032,32,107,0.9907,3.25,12.2,1
5.8,0.25,0.28,11.1,0.056,45,175,0.99755,3.42,9.5,0
7.1,0.14,0.4,1.2,0.051,55,136,0.9932,3.3,9.8,1
7.1,0.13,0.4,1.2,0.047,54,134,0.9932,3.3,9.8,1
6.7,0.11,0.34,8.8,0.043,41,113,0.9962,3.42,9.3,1
6.8,0.12,0.31,5.2,0.045,29,120,0.9942,3.41,9.8,1
6.6,0.16,0.57,1.1,0.13,58,140,0.9927,3.12,9.3,1
6.6,0.21,0.6,1.1,0.135,61,144,0.9927,3.12,9.3,1
5.8,0.34,0.16,7,0.037,26,116,0.9949,3.46,10,1
5.9,0.24,0.3,2,0.033,28,92,0.99225,3.39,10.9,1
6.4,0.46,0.08,4.9,0.046,34,144,0.99445,3.1,10,0
7.4,0.32,0.27,1.4,0.049,38,173,0.99335,3.03,9.3,0
7.2,0.31,0.26,7.3,0.05,37,157,0.99625,3.09,9,0
6,0.28,0.49,6.8,0.048,61,222,0.9953,3.19,9.3,0
6.8,0.39,0.35,11.6,0.044,57,220,0.99775,3.07,9.3,0
6.6,0.21,0.31,11.4,0.039,46,165,0.99795,3.41,9.8,1
6.4,0.31,0.26,13.2,0.046,57,205,0.9975,3.17,9.6,0
6.4,0.35,0.28,1.1,0.055,9,160,0.99405,3.42,9.1,1
6.2,0.3,0.17,2.8,0.04,24,125,0.9939,3.01,9,0
8.4,0.18,0.42,5.1,0.036,7,77,0.9939,3.16,11.7,0
6.6,0.56,0.22,8.9,0.034,27,133,0.99675,3.2,9.1,0
6.8,0.18,0.21,5.4,0.053,34,104,0.99445,3.3,9.4,0
7.1,0.16,0.36,10.7,0.044,20,90,0.9959,3.16,10.9,1
7.4,0.17,0.4,5.5,0.037,34,161,0.9935,3.05,11.5,0
7.5,0.34,0.35,6,0.034,12,126,0.9924,3.16,12,1
7.6,0.33,0.35,6.3,0.036,12,126,0.9924,3.16,12,1
8.7,0.23,0.32,13.4,0.044,35,169,0.99975,3.12,8.8,1
6.9,0.19,0.35,1.7,0.036,33,101,0.99315,3.21,10.8,1
6.6,0.22,0.37,15.4,0.035,62,153,0.99845,3.02,9.3,0
9.2,0.34,0.27,1.2,0.026,17,73,0.9921,3.08,10.8,0
6.9,0.18,0.36,1.3,0.036,40,117,0.9934,3.27,9.5,1
7.7,0.34,0.58,11.1,0.039,41,151,0.9978,3.06,8.6,0
7.4,0.2,0.35,2.1,0.038,30,116,0.9949,3.49,10.3,1
8.2,0.4,0.48,13.7,0.042,59,169,0.9986,3.1,9.4,0
6.7,0.22,0.39,10.2,0.038,60,149,0.99725,3.17,10,1
6.6,0.3,0.3,4.8,0.17,60,166,0.9946,3.18,9.4,0
4.8,0.33,0,6.5,0.028,34,163,0.9937,3.35,9.9,0
6,0.45,0.65,9.7,0.08,11,159,0.9956,3.04,9.4,0
6.1,0.34,0.27,2.6,0.024,20,105,0.9906,3.4,12.2,1
6.5,0.3,0.32,2,0.044,34,90,0.99185,3.37,11,1
5.8,0.26,0.18,1.2,0.031,40,114,0.9908,3.42,11,1
7,0.31,0.29,1.4,0.037,33,128,0.9896,3.12,12.2,1
6.6,0.2,0.38,7.9,0.052,30,145,0.9947,3.32,11,1
6.1,0.28,0.35,12.8,0.048,63,229,0.9975,3.08,8.9,0
8.4,0.19,0.42,1.6,0.047,9,101,0.994,3.06,11.1,0
8,0.23,0.37,9.6,0.054,23,159,0.99795,3.32,9.8,0
7.5,0.24,0.31,13,0.049,46,217,0.9985,3.08,8.8,0
6.3,0.33,0.2,5.8,0.04,24,144,0.99425,3.15,9.9,0
6.2,0.33,0.19,5.6,0.042,22,143,0.99425,3.15,9.9,0
6.3,0.34,0.19,5.8,0.041,22,145,0.9943,3.15,9.9,0
5.8,0.29,0.05,0.8,0.038,11,30,0.9924,3.36,9.2,0
8,0.32,0.26,1.2,0.05,11.5,88,0.9946,3.24,9.5,0
5.6,0.29,0.05,0.8,0.038,11,30,0.9924,3.36,9.2,0
7.4,0.13,0.39,4.7,0.042,36,137,0.995,3.36,10.3,1
8.6,0.18,0.4,1.1,0.04,20,107,0.9923,2.94,10.2,1
7,0.11,0.32,4.6,0.057,59,144,0.9956,3.55,9.4,1
5.4,0.595,0.1,2.8,0.042,26,80,0.9932,3.36,9.3,0
6.5,0.25,0.35,12,0.055,47,179,0.998,3.58,10,0
6.1,0.36,0.58,15,0.044,42,115,0.9978,3.15,9,0
7.7,0.17,0.52,5.9,0.017,21,84,0.9929,3.14,11.9,1
6.4,0.26,0.43,12.6,0.033,64,230,0.9974,3.08,8.9,0
5.9,0.29,0.33,7.4,0.037,58,205,0.99495,3.26,9.6,0
6.1,0.27,0.44,6.7,0.041,61,230,0.99505,3.12,8.9,0
6.4,0.43,0.32,1.4,0.048,10,67,0.992,3.08,11.4,0
7.7,0.24,0.29,15.3,0.044,39,194,0.9982,3.06,9.6,1
6.2,0.34,0.28,7.5,0.034,40,197,0.99485,3.14,9.7,0
5.4,0.415,0.19,1.6,0.039,27,88,0.99265,3.54,10,1
6.9,0.48,0.36,3.5,0.03,31,135,0.9904,3.14,12.2,1
6.5,0.18,0.33,8,0.051,16,131,0.9965,3.28,8.7,1
6.7,0.15,0.29,5,0.058,28,105,0.9946,3.52,10.2,1
8.2,0.345,1,18.2,0.047,55,205,0.99965,2.96,9.6,0
8.5,0.16,0.35,1.6,0.039,24,147,0.9935,2.96,10,0
7.3,0.25,0.39,6.4,0.034,8,84,0.9942,3.18,11.5,0
7.6,0.345,0.26,1.9,0.043,15,134,0.9936,3.08,9.5,0
8.2,0.23,0.37,1.3,0.042,39,117,0.9928,2.99,10,0
7.5,0.32,0.26,1.8,0.042,13,133,0.9938,3.07,9.5,0
6.6,0.23,0.32,0.9,0.041,25,79,0.9926,3.39,NaN,1
6.6,0.2,0.32,1.1,0.039,25,78,0.9926,3.39,NaN,1
8.3,0.23,0.43,3.2,0.035,14,101,0.9928,3.15,11.5,0
6.5,0.08,0.33,1.9,0.028,23,93,0.991,3.34,12,1
5.5,0.42,0.09,1.6,0.019,18,68,0.9906,3.33,11.4,1
5.1,0.42,0.01,1.5,0.017,25,102,0.9894,3.38,12.3,1
7.6,0.3,0.25,4.3,0.054,22,111,0.9956,3.12,9.2,0
6.5,0.14,0.33,7.6,0.05,53,189,0.9966,3.25,8.6,0
7.7,0.28,0.33,6.7,0.037,32,155,0.9951,3.39,10.7,1
6,0.2,0.71,1.6,0.15,10,54,0.9927,3.12,9.8,0
6.9,0.19,0.33,1.6,0.043,63,149,0.9925,3.44,10.8,0
7.7,0.28,0.39,8.9,0.036,8,117,0.9935,3.06,12,1
8.2,0.26,0.44,1.3,0.046,7,69,0.9944,3.14,10.2,0
6.5,0.25,0.27,15.2,0.049,75,217,0.9972,3.19,9.9,0
6,0.26,0.34,1.3,0.046,6,29,0.9924,3.29,10.4,0
6.4,0.28,0.41,6.8,0.045,61,216,0.9952,3.09,9.4,0
6.9,0.24,0.39,1.3,0.063,18,136,0.9928,3.31,10.4,1
6.6,0.22,0.37,1.2,0.059,45,199,0.993,3.37,10.3,1
7.7,0.16,0.41,1.7,0.048,60,173,0.9932,3.24,11.2,1
6.2,0.25,0.47,11.6,0.048,62,210,0.9968,3.19,9.5,0
6.1,0.16,0.27,12.6,0.064,63,162,0.9994,3.66,8.9,0
6.8,0.37,0.47,11.2,0.071,44,136,0.9968,2.98,9.2,0
8.6,0.2,0.42,1.5,0.041,35,125,0.9925,3.11,11.4,1
8,0.55,0.17,8.2,0.04,13,60,0.9956,3.09,9.5,0
7.5,0.17,0.37,1.5,0.06,18,75,0.9936,3.54,10.7,0
7.1,0.47,0.24,6,0.044,11,77,0.9956,3.21,9.7,0
7.1,0.15,0.34,5.3,0.034,33,104,0.9953,3.37,9.3,1
7.5,0.17,0.34,1.4,0.035,13,102,0.9918,3.05,11,0
8.2,0.68,0.3,2.1,0.047,17,138,0.995,3.22,10.8,0
7.7,0.275,0.3,1,0.039,19,75,0.992,3.01,10.7,0
7.3,0.49,0.32,5.2,0.043,18,104,0.9952,3.24,10.7,0
7.5,0.33,0.48,19.45,0.048,55,243,1.001,2.95,8.8,0
7.2,0.21,0.37,1.6,0.049,23,94,0.9924,3.16,10.9,1
7.3,0.15,0.4,2,0.05,24,92,0.9932,3.14,10.5,0
7,0.31,0.52,1.7,0.029,5,61,0.9918,3.07,10.4,0
8.3,0.4,0.38,1.1,0.038,15,75,0.9934,3.03,9.2,0
7.3,0.24,0.34,7.5,0.048,29,152,0.9962,3.1,9,0
9.4,0.29,0.55,2.2,0.05,17,119,0.9962,3.12,10.3,0
8.6,0.26,0.41,2.2,0.049,29,111,0.9941,2.96,10,0
5.3,0.3,0.2,1.1,0.077,48,166,0.9944,3.3,8.7,0
8,0.26,0.36,2,0.054,30,121,0.992,3.09,11.6,1
7,0.21,0.28,7.5,0.07,45,185,0.9966,3.34,9.4,0
6.7,0.26,0.26,4,0.079,35.5,216,0.9956,3.31,9.5,0
6.7,0.26,0.26,4.1,0.073,36,202,0.9956,3.3,9.5,0
8.3,0.22,0.38,14.8,0.054,32,126,1.0002,3.22,9.7,0
7.5,0.19,0.34,2.6,0.037,33,125,0.9923,3.1,11.1,1
8.8,0.33,0.44,6.35,0.024,9,87,0.9917,2.96,12.6,1
8.2,0.29,0.33,9.1,0.036,28,118,0.9953,2.96,10.9,1
7.7,0.34,0.3,8,0.048,25,192,0.9951,2.97,10.9,0
7.8,0.26,0.44,1.3,0.037,43,132,0.9944,3.18,10,0
6.5,0.26,0.34,16.3,0.051,56,197,1.0004,3.49,9.8,0
6.8,0.15,0.33,4.7,0.059,31,118,0.9956,3.43,9,1
6.3,0.23,0.21,5.1,0.035,29,142,0.9942,3.36,10.1,1
7,0.17,0.33,4,0.034,17,127,0.9934,3.19,10.6,1
7.4,0.24,0.31,8.4,0.045,52,183,0.9963,3.09,8.8,0
5.8,0.29,0.21,2.6,0.025,12,120,0.9894,3.39,14,1
6.3,0.16,0.4,1.6,0.033,59,148,0.9914,3.44,11.4,0
7.9,0.29,0.39,6.7,0.036,6,117,0.9938,3.12,10.7,0
5.5,0.32,0.45,4.9,0.028,25,191,0.9922,3.51,11.5,1
6.1,0.29,0.27,1.7,0.024,13,76,0.9893,3.21,12.6,1
9.2,0.22,0.4,2.4,0.054,18,151,0.9952,3.04,9.3,0
6.5,0.52,0.17,1.4,0.047,5,26,0.9932,3.26,10,0
5.9,0.415,0.13,1.4,0.04,11,64,0.9922,3.29,10.5,0
5.8,0.415,0.13,1.4,0.04,11,64,0.9922,3.29,10.5,0
6.4,0.5,0.16,12.9,0.042,26,138,0.9974,3.28,9,0
6.6,0.25,0.39,1.45,0.04,40,89,0.9911,3.35,11.4,1
9.8,0.36,0.45,1.6,0.042,11,124,0.9944,2.93,10.8,0
6.5,0.115,0.29,1.95,0.038,73,166,0.989,3.12,12.9,1
6.4,0.125,0.29,5.85,0.042,24,99,0.992,3.23,12,1
5.7,0.1,0.27,1.3,0.047,21,100,0.9928,3.27,9.5,0
7.9,0.25,0.29,5.3,0.031,33,117,0.9918,3.06,11.8,1
8.7,0.22,0.42,2.3,0.053,27,114,0.994,2.99,10,0
9.2,0.28,0.46,3.2,0.058,39,133,0.996,3.14,9.5,0
9,0.31,0.49,6.9,0.034,26,91,0.9937,2.99,11.5,0
9.3,0.34,0.49,7.3,0.052,30,146,0.998,3.17,10.2,0
7.2,0.24,0.3,1.6,0.048,27,131,0.9933,3.25,10.5,0
7.2,0.25,0.32,1.5,0.047,27,132,0.9933,3.26,10.5,0
9.1,0.27,0.32,1.1,0.031,15,151,0.9936,3.03,10.6,0
8.9,0.34,0.32,1.3,0.041,12,188,0.9953,3.17,9.5,0
6.7,0.25,0.23,7.2,0.038,61,220,0.9952,3.14,9.5,0
6.1,0.6,0,1.3,0.042,24,79,0.9937,3.31,9.4,0
7.9,0.16,0.3,4.8,0.037,37,171,0.9967,3.47,9,0
7.6,0.33,0.36,2.1,0.034,26,172,0.9944,3.42,10.5,0
6.6,0.25,0.41,7.4,0.043,29,151,0.9946,3.15,10.2,1
6,0.24,0.32,6.3,0.03,34,129,0.9946,3.52,10.4,0
6.1,0.45,0.27,0.8,0.039,13,82,0.9927,3.23,9.5,0
7.2,0.2,0.38,1,0.037,21,74,0.9918,3.21,11,0
8.2,0.61,0.45,5.4,0.03,15,118,0.9954,3.14,9.6,0
7.4,0.22,0.33,2,0.045,31,101,0.9931,3.42,11.4,0
6.4,0.25,0.41,8.6,0.042,57,173,0.9965,3,9.1,0
6.3,0.32,0.35,11.1,0.039,29,198,0.9984,3.36,9.4,1
9.8,0.44,0.4,2.8,0.036,35,167,0.9956,2.97,9.2,0
7.2,0.2,0.25,4.5,0.044,31,109,0.9949,3.23,9.4,0
7.9,0.46,0.32,4.1,0.033,40,138,0.9912,3.18,12.8,1
6.9,0.25,0.26,5.2,0.024,36,135,0.9948,3.16,10.7,1
7.3,0.22,0.4,14.75,0.042,44.5,129.5,0.9998,3.36,9.1,1
7.4,0.25,0.37,6.9,0.02,14,93,0.9939,3,10.7,1
7,0.17,0.37,1.5,0.028,26,75,0.9922,3.3,10.8,1
6.4,0.3,0.38,7.8,0.046,35,192,0.9955,3.1,9,0
8.9,0.33,0.32,1.5,0.047,11,200,0.9954,3.19,9.4,0
7.3,0.27,0.39,6.7,0.064,28,188,0.9958,3.29,9.7,0
8,0.28,0.42,7.1,0.045,41,169,0.9959,3.17,10.6,0
8,0.61,0.38,12.1,0.301,24,220,0.9993,2.94,9.2,0
5.9,0.4,0.32,6,0.034,50,127,0.992,3.51,12.5,1
7.2,0.23,0.39,2.3,0.033,29,102,0.9908,3.26,12.3,1
6.9,0.18,0.38,6.5,0.039,20,110,0.9943,3.1,10.5,0
7.9,0.41,0.37,4.5,0.03,40,114,0.992,3.17,12.4,1
7.8,0.32,0.31,1.7,0.036,46,195,0.993,3.03,10.5,0
7.3,0.24,0.39,3.6,0.024,35,116,0.9928,3.17,10.9,0
7.1,0.44,0.37,2.7,0.041,35,128,0.9896,3.07,13.5,1
10.3,0.25,0.48,2.2,0.042,28,164,0.998,3.19,9.7,0
8.1,0.43,0.42,6.6,0.033,36,141,0.9918,2.98,13.3,1
6.4,0.26,0.22,5.1,0.037,23,131,0.9944,3.29,10.1,0
8,0.66,0.72,17.55,0.042,62,233,0.9999,2.92,9.4,0
7.2,0.18,0.31,1.1,0.045,20,73,0.9925,3.32,10.8,1
5.3,0.26,0.23,5.15,0.034,48,160,0.9952,3.82,10.5,1
5.7,0.245,0.33,1.1,0.049,28,150,0.9927,3.13,9.3,0
7.3,0.25,0.41,1.8,0.037,52,165,0.9911,3.29,12.2,1
7,0.16,0.73,1,0.138,58,150,0.9936,3.08,9.2,0
7.2,0.14,0.35,1.2,0.036,15,73,0.9938,3.46,9.9,0
8,0.22,0.42,14.6,0.044,45,163,1.0003,3.21,8.6,1
7.6,0.31,0.29,10.5,0.04,21,145,0.9966,3.04,9.4,0
8.1,0.5,0.47,1.1,0.037,23,126,0.9938,3.21,10.9,0
7,0.39,0.31,5.3,0.169,32,162,0.9965,3.2,9.4,0
7.4,0.31,0.74,10.7,0.039,51,147,0.9977,3.02,8.7,0
6.6,0.16,0.29,1.8,0.05,40,147,0.9912,3.06,11.4,1
6.9,0.39,0.22,4.3,0.03,10,102,0.993,3,11.6,0
6.9,0.41,0.22,4.2,0.031,10,102,0.993,3,11.6,0
7.3,0.42,0.38,6.8,0.045,29,122,0.9925,3.19,12.6,1
7.8,0.23,0.28,4.75,0.042,45,166,0.9928,2.96,11.5,0
6.9,0.2,0.4,7.7,0.032,51,176,0.9939,3.22,11.4,0
8,0.59,0.71,17.35,0.038,61,228,1,2.95,9.3,0
7.9,0.14,0.45,1.8,0.05,17,114,0.9948,3.33,10.7,1
9.7,0.14,0.59,1.5,0.049,23,142,0.9958,2.98,9.5,0
9.6,0.25,0.54,1.3,0.04,16,160,0.9938,2.94,10.5,0
9.2,0.32,0.42,1.3,0.046,14,186,0.9949,3.08,9.6,0
7,0.15,0.34,1.4,0.039,21,177,0.9927,3.32,10.8,0
6.4,0.25,0.53,6.6,0.038,59,234,0.9955,3.03,8.8,0
6.2,0.2,0.26,1.7,0.093,40,161,0.9924,3.44,11,0
8.4,0.19,0.43,2.1,0.052,20,104,0.994,2.85,9.5,0
8.3,0.21,0.41,2.2,0.05,24,108,0.994,2.85,9.5,0
7.9,0.16,0.64,17,0.05,69,210,1.0004,3.15,9.3,1
6.7,0.18,0.3,6.4,0.048,40,251,0.9956,3.29,10,0
7.6,0.54,0.23,2,0.029,13,151,0.9931,3.04,10.4,0
7,0.46,0.39,6.2,0.039,46,163,0.9928,3.21,12.2,1
8.2,0.35,0.4,6.3,0.039,35,162,0.9936,3.15,11.9,1
9.2,0.35,0.39,0.9,0.042,15,61,0.9924,2.96,10.4,0
6.5,0.37,0.33,3.9,0.027,40,130,0.9906,3.28,12.7,1
7.8,0.13,0.3,1.8,0.04,43,179,0.9955,3.43,9,0
7.6,0.19,0.41,1.1,0.04,38,143,0.9907,2.92,11.4,0
6.5,0.19,0.32,1.4,0.04,31,132,0.9922,3.36,10.8,1
6,0.13,0.28,5.7,0.038,56,189.5,0.9948,3.59,10.6,1
6.4,0.25,0.33,1.4,0.04,42,115,0.9906,3.19,11.3,1
6.9,0.32,0.16,1.4,0.051,15,96,0.994,3.22,9.5,0
6.7,0.13,0.28,1.2,0.046,35,140,0.9927,3.33,10.1,1
7.6,0.27,0.24,3.8,0.058,19,115,0.9958,3.15,8.9,0
7.4,0.64,0.47,14.15,0.168,42,185,0.9984,2.9,9.3,0
8.3,0.26,0.41,9.2,0.042,41,162,0.9944,3.1,12,1
6.2,0.3,0.32,1.7,0.032,30,130,0.9911,3.28,11.2,1
6.9,0.28,0.3,1.6,0.047,46,132,0.9918,3.35,11.1,1
6.9,0.38,0.32,8.5,0.044,36,152,0.9932,3.38,12,1
7.3,0.18,0.29,1.2,0.044,12,143,0.9918,3.2,11.3,1
7.3,0.25,0.36,13.1,0.05,35,200,0.9986,3.04,8.9,1
9,0.31,0.48,6.6,0.043,11,73,0.9938,2.9,11.6,0
6.3,0.39,0.24,6.9,0.069,9,117,0.9942,3.15,10.2,0
5.9,0.415,0.02,0.8,0.038,22,63,0.9932,3.36,9.3,0
6.9,0.35,0.74,1,0.044,18,132,0.992,3.13,10.2,0
7.6,0.14,0.74,1.6,0.04,27,103,0.9916,3.07,10.8,1
5.3,0.165,0.24,1.1,0.051,25,105,0.9925,3.32,9.1,0
9.8,0.25,0.74,10,0.056,36,225,0.9977,3.06,10,0
8.2,0.18,0.49,1.1,0.033,28,81,0.9923,3,10.4,1
6.1,0.22,0.49,1.5,0.051,18,87,0.9928,3.3,9.6,0
6.5,0.36,0.49,2.9,0.03,16,94,0.9902,3.1,12.1,1
6.9,0.23,0.24,14.2,0.053,19,94,0.9982,3.17,9.6,0
8.5,0.56,0.74,17.85,0.051,51,243,1.0005,2.99,9.2,0
6.3,0.23,0.49,7.1,0.05,67,210,0.9951,3.23,9.5,0
6.1,0.25,0.49,7.6,0.052,67,226,0.9956,3.16,8.9,0
7.2,0.26,0.74,13.6,0.05,56,162,0.998,3.03,8.8,0
8,0.25,0.49,1.2,0.061,27,117,0.9938,3.08,9.4,0
7.2,0.4,0.49,1.1,0.048,11,138,0.9929,3.01,9.3,0
8.3,0.21,0.49,19.8,0.054,50,231,1.0012,2.99,9.2,0
7,0.2,0.74,0.8,0.044,19,163,0.9931,3.46,10.2,0
7.1,0.25,0.49,3,0.03,30,96,0.9903,3.13,12.3,1
6.5,0.24,0.24,1.6,0.046,15,60,0.9928,3.19,9.8,0
7.8,0.21,0.49,1.35,0.052,6,48,0.9911,3.15,11.4,0
6.9,0.25,0.24,3.6,0.057,13,85,0.9942,2.99,9.5,0
7.1,0.85,0.49,8.7,0.028,40,184,0.9962,3.22,10.7,0
7.9,0.16,0.74,17.85,0.037,52,187,0.9998,2.99,9.3,0
8,0.3,0.49,9.4,0.046,47,188,0.9964,3.14,10,0
7.6,0.29,0.49,9.6,0.03,45,197,0.9938,3.13,12.3,1
6.7,0.62,0.24,1.1,0.039,6,62,0.9934,3.41,10.4,0
6.8,0.27,0.49,1.2,0.044,35,126,0.99,3.13,12.1,1
7.4,0.19,0.49,9.3,0.03,26,132,0.994,2.99,11,1
8.3,0.2,0.49,1.7,0.04,34,169,0.9938,3.05,10.1,0
6.8,0.36,0.24,4.6,0.039,24,124,0.9909,3.27,12.6,1
9.2,0.18,0.49,1.5,0.041,39,130,0.9945,3.04,9.8,1
7.9,0.2,0.49,1.6,0.053,15,144,0.993,3.16,10.5,0
8,0.18,0.49,1.8,0.061,10,145,0.9942,3.23,10,0
7.3,0.22,0.49,9.4,0.034,29,134,0.9939,2.99,11,1
6.9,0.21,0.49,1.4,0.041,15,164,0.9927,3.25,11,0
7.2,0.27,0.74,12.5,0.037,47,156,0.9981,3.04,8.7,0
8.1,0.3,0.49,8.1,0.037,26,174,0.9943,3.1,11.2,1
7.5,0.23,0.49,7.7,0.049,61,209,0.9941,3.14,11.1,1
8.9,0.13,0.49,1,0.028,6,24,0.9926,2.91,9.9,0
7.1,0.53,0.24,0.8,0.029,29,86,0.993,3.16,9.1,0
7.3,0.21,0.49,1.8,0.038,44,152,0.9912,3.32,12.6,1
6.9,0.3,0.49,7.6,0.057,25,156,0.9962,3.43,11,1
7.9,0.42,0.49,8.2,0.056,32,164,0.9965,3.29,11.2,1
6.9,0.24,0.49,1.3,0.032,35,148,0.9932,3.45,10.7,1
8.8,0.35,0.49,1,0.036,14,56,0.992,2.96,10.5,0
9.1,0.28,0.49,2,0.059,10,112,0.9958,3.15,10.1,0
7.1,0.34,0.49,1.5,0.027,26,126,0.99,3.3,12.2,1
7.6,0.18,0.49,18.05,0.046,36,158,0.9996,3.06,9.2,0
7.5,0.19,0.49,1.8,0.055,19,110,0.9946,3.33,9.9,0
6.6,0.3,0.74,4.6,0.041,36,159,0.9946,3.21,9.9,0
7.8,0.26,0.49,3.1,0.045,21,116,0.9931,3.16,10.3,0
8.5,0.17,0.49,8.8,0.048,23,108,0.9947,2.88,10.5,0
7.1,0.64,0.49,1.8,0.05,17,128,0.9946,3.31,10.6,0
6.4,0.18,0.74,11.9,0.046,54,168,0.9978,3.58,10.1,0
7.6,0.31,0.49,13.4,0.062,50,191,0.9989,3.22,9,0
9.8,0.31,0.49,15.4,0.046,13,119,1.0004,3.18,9.5,0
7.3,0.3,0.74,13.5,0.039,46,165,0.9982,3.02,8.7,0
9.3,0.31,0.49,1.3,0.042,34,147,0.9948,3.11,9.8,0
6.6,0.55,0.01,2.7,0.034,56,122,0.9906,3.15,11.9,0
5.6,0.41,0.24,1.9,0.034,10,53,0.98815,3.32,13.5,1
6.7,0.41,0.01,2.8,0.048,39,137,0.9942,3.24,9.5,0
5.8,0.19,0.49,4.9,0.04,44,118,0.9935,3.34,9.5,1
6.9,0.27,0.49,23.5,0.057,59,235,1.0024,2.98,8.6,0
7.8,0.26,0.49,3.2,0.027,28,87,0.9919,3.03,11.3,1
8,0.14,0.49,1.5,0.035,42,120,0.9928,3.26,10.6,1
8,0.29,0.49,11.7,0.035,40,131,0.9958,3.14,10.8,0
8.9,0.32,0.49,1.6,0.05,17,131,0.9956,3.13,9.4,0
9,0.17,0.49,1,0.039,46,131,0.993,3.09,10.5,1
7.4,0.19,0.49,6.7,0.037,15,110,0.9938,3.2,11,1
7.6,0.47,0.49,13,0.239,42,220,0.9988,2.96,9.2,0
7.9,0.22,0.49,3.8,0.042,26,105,0.993,3.1,10.5,0
7.3,0.19,0.49,15.55,0.058,50,134,0.9998,3.42,9.1,1
8.1,0.3,0.49,12.3,0.049,50,144,0.9971,3.09,10.2,1
7.5,0.24,0.49,9.4,0.048,50,149,0.9962,3.17,10.5,1
7.1,0.3,0.49,1.6,0.045,31,100,0.9942,3.4,10.2,0
7.6,0.31,0.49,3.95,0.044,27,131,0.9912,3.08,12.8,1
8.2,0.29,0.49,1,0.044,29,118,0.9928,3.24,10.9,0
6.6,0.46,0.49,7.4,0.052,19,184,0.9956,3.11,9,0
7.8,0.28,0.49,1.3,0.046,27,142,0.9936,3.09,10.2,0
5.8,0.15,0.49,1.1,0.048,21,98,0.9929,3.19,9.2,0
6.6,0.31,0.49,7.7,0.05,52,220,0.9964,3.12,8.8,0
6.6,0.325,0.49,7.7,0.049,53,217,0.996,3.16,9.3,0
6.7,0.21,0.49,1.4,0.047,30,114,0.9914,2.92,10.8,1
8.1,0.28,0.46,15.4,0.059,32,177,1.0004,3.27,9,0
7,0.35,0.3,6.5,0.028,27,87,0.9936,3.4,11.4,1
6.6,0.26,0.31,4.8,0.138,41,168,0.9951,3.2,9.3,0
6.6,0.27,0.31,5.3,0.137,35,163,0.9951,3.2,9.3,0
6.2,0.27,0.32,8.8,0.047,65,224,0.9961,3.17,8.9,0
6.4,0.35,0.2,5.7,0.034,18,117,0.9944,3.33,10.1,0
7.6,0.32,0.34,18.35,0.054,44,197,1.0008,3.22,9,0
7.2,0.25,0.28,14.4,0.055,55,205,0.9986,3.12,9,1
7.3,0.26,0.33,17.85,0.049,41.5,195,1,3.06,9.1,1
7.4,0.26,0.37,9.4,0.047,42,147,0.9982,3.46,10,0
9,0.43,0.3,1.5,0.05,7,175,0.9951,3.11,9.7,0
6.7,0.265,0.22,8.6,0.048,54,198,0.9955,3.25,10.2,0
6.5,0.27,0.19,4.2,0.046,6,114,0.9955,3.25,8.6,0
6.7,0.33,0.42,6.4,0.058,27,151,0.9954,3.16,9.6,0
6.7,0.31,0.42,6.4,0.057,25,148,0.9955,3.16,9.6,0
6.8,0.26,0.29,16.95,0.056,48,179,0.9998,3.45,9.6,0
6.8,0.22,0.3,13.6,0.055,50,180,0.9984,3.44,9.8,0
6.8,0.3,0.24,6.6,0.123,35,116,0.9953,3.07,9.4,0
9.3,0.2,0.33,1.7,0.05,28,178,0.9954,3.16,9,0
7.6,0.2,0.39,2.6,0.044,30,180,0.9941,3.46,10.8,1
6.6,0.545,0.04,2.5,0.031,48,111,0.9906,3.14,11.9,0
6.1,0.22,0.23,3.1,0.052,15,104,0.9948,3.14,8.7,0
7.5,0.15,0.38,1.8,0.054,19,101,0.9946,3.24,10,0
8.4,0.29,0.29,1.05,0.032,4,55,0.9908,2.91,11.4,0
7.5,0.22,0.29,4.8,0.05,33,87,0.994,3.14,9.9,0
7.4,0.23,0.25,1.4,0.049,43,141,0.9934,3.42,10.2,1
6.7,0.27,0.25,8,0.053,54,202,0.9961,3.22,9.3,0
6.9,0.29,0.23,8.6,0.056,56,215,0.9967,3.17,8.8,0
9.6,0.21,0.28,1.2,0.038,12,53,0.9926,2.8,10.6,0
6.6,0.62,0.2,8.7,0.046,81,224,0.99605,3.17,9.3,0
6.6,0.32,0.26,7.7,0.054,56,209,0.9961,3.17,8.8,0
7.4,0.32,0.22,1.7,0.051,50,179,0.9955,3.28,8.9,0
6.6,0.37,0.07,1.4,0.048,58,144,0.9922,3.17,10,0
7.7,0.43,0.28,4.5,0.046,33,102,0.9918,3.16,12.2,1
6.6,0.25,0.35,14,0.069,42,163,0.999,3.56,9.8,0
8.4,0.17,0.31,5.4,0.052,47,150,0.9953,3.24,9.8,0
6.1,0.32,0.37,1.8,0.051,13,200,0.9945,3.49,10.5,0
6.7,0.24,0.29,6.8,0.038,54,127,0.9932,3.33,11.6,1
7.4,0.33,0.26,2.6,0.04,29,115,0.9913,3.07,11.8,1
7.2,0.26,0.3,2.1,0.033,50,158,0.9909,3.33,12.1,1
8.2,0.36,0.29,7.6,0.035,37,122,0.9939,3.16,12,0
7.8,0.2,0.24,1.6,0.026,26,189,0.991,3.08,12.1,1
9.4,0.16,0.3,1.4,0.042,26,176,0.9954,3.15,9.1,0
6.4,0.33,0.24,1.6,0.054,25,117,0.9943,3.36,9.3,0
7.4,0.35,0.31,17.95,0.062,42,187,1.0002,3.27,9.1,0
7.1,0.37,0.32,1.4,0.037,27,126,0.9918,3.19,12,0
9.4,0.16,0.23,1.6,0.042,14,67,0.9942,3.07,9.5,0
7.5,0.33,0.39,12.4,0.065,29,119,0.9974,3.16,9.4,0
7.6,0.38,0.2,3.4,0.046,9,116,0.9944,3.15,9.4,0
8.2,0.42,0.29,4.1,0.03,31,100,0.9911,3,12.8,1
6.7,0.27,0.3,13.9,0.029,34,131,0.9953,3.36,12,1
7.2,0.5,0,0.8,0.034,46,114,0.9932,3.19,9.2,0
7.1,0.32,0.4,1.5,0.034,13,84,0.9944,3.42,10.4,0
7.7,0.44,0.24,11.2,0.031,41,167,0.9948,3.12,11.3,1
8,0.55,0.42,12.6,0.211,37,213,0.9988,2.99,9.3,0
7.2,0.24,0.29,2.2,0.037,37,102,0.992,3.27,11,1
6.9,0.18,0.33,1,0.054,24,164,0.9926,3.42,10.5,0
7.6,0.26,0.58,7.9,0.041,62,180,0.9966,3.07,9,0
8.7,0.49,0.57,17.8,0.052,34,243,1.0007,2.98,9,0
7.1,0.25,0.25,1.6,0.046,50,181,0.9925,3.2,11,1
6.4,0.18,0.31,1.6,0.049,36,127,0.9934,3.6,10.4,1
6.8,0.24,0.35,6.4,0.048,44,172,0.9944,3.29,10.5,1
10,0.91,0.42,1.6,0.056,34,181,0.9968,3.11,10,0
8.9,0.34,0.34,1.6,0.056,13,176,0.9946,3.14,9.7,0
8.9,0.33,0.34,1.4,0.056,14,171,0.9946,3.13,9.7,0
6.6,0.28,0.3,7.8,0.049,57,202,0.9958,3.24,9.5,0
7.4,0.21,0.27,7.3,0.031,41,144,0.9932,3.15,11.8,1
8.2,0.18,0.28,8.5,0.035,41,140,0.9952,3.04,10.1,1
5.8,0.33,0.2,16.05,0.047,26,166,0.9976,3.09,8.9,0
6.6,0.31,0.38,16.05,0.058,16,165,0.9997,3.38,9.2,0
7.7,0.3,0.42,14.3,0.045,45,213,0.9991,3.18,9.2,0
6.4,0.22,0.32,7.9,0.029,34,124,0.9948,3.4,10.2,0
7,0.53,0.02,1,0.036,39,107,0.993,3.2,9,0
7.2,0.24,0.4,17.85,0.049,50,185,1,3.34,9.6,0
7.6,0.15,0.4,1.3,0.036,24,112,0.9932,3.14,10,0
7.6,0.33,0.41,13.7,0.045,44,197,0.9989,3.18,9.1,0
6.8,0.24,0.31,18.3,0.046,40,142,1,3.3,8.7,0
6.8,0.35,0.44,6.5,0.056,31,161,0.9952,3.14,9.5,0
6.7,0.44,0.31,1.9,0.03,41,104,0.99,3.29,12.6,1
7.4,0.21,0.3,7.9,0.039,14,118,0.9942,2.96,10.4,0
7.8,0.34,0.27,1.2,0.04,25,106,0.9932,3.01,10.4,0
6,0.28,0.35,1.9,0.037,16,120,0.9933,3.16,10.6,0
7.2,0.36,0.36,5.7,0.038,26,98,0.9914,2.93,12.5,1
7.6,0.13,0.34,9.3,0.062,40,126,0.9966,3.21,9.6,0
6.6,0.25,0.36,8.1,0.045,54,180,0.9958,3.08,9.2,0
7,0.12,0.19,4.9,0.055,27,127,0.9953,3.29,9.4,0
8.2,0.37,0.27,1.7,0.028,10,59,0.9923,2.97,10.4,0
7.6,0.26,0.36,1.6,0.032,6,106,0.993,3.15,10.4,0
7.1,0.25,0.28,1.6,0.052,46,169,0.9926,3.05,10.5,0
8.8,0.34,0.33,9.7,0.036,46,172,0.9966,3.08,10.2,0
7.2,0.47,0.65,8.3,0.083,27,182,0.9964,3,9.2,0
7.3,0.13,0.27,4.6,0.08,34,172,0.9938,3.23,11.1,1
7.2,0.16,0.35,1.2,0.031,27,84,0.9928,3.33,9.9,0
6.8,0.31,0.32,7.6,0.052,35,143,0.9959,3.14,9,0
8.3,0.36,0.57,15,0.052,35,256,1.0001,2.93,8.6,0
6.3,0.25,0.44,11.6,0.041,48,195,0.9968,3.18,9.5,0
6,0.45,0.42,1.1,0.051,61,197,0.9932,3.02,9,0
5.7,0.45,0.42,1.1,0.051,61,197,0.9932,3.02,9,0
7.2,0.19,0.31,1.4,0.046,37,135,0.9939,3.34,10.2,1
6.7,0.31,0.44,6.7,0.054,29,160,0.9952,3.04,9.6,0
8,0.25,0.13,17.2,0.036,49,219,0.9996,2.96,9.7,0
9.9,1.005,0.46,1.4,0.046,34,185,0.9966,3.02,10.2,0
8.1,0.31,0.36,8.2,0.028,29,142,0.9925,3.01,13,1
6.4,0.29,0.28,11.1,0.063,66,169,0.9973,2.89,9,0
7.2,0.15,0.33,1.1,0.027,16,63,0.9937,3.37,9.9,0
9.5,0.21,0.47,1.3,0.039,21,123,0.9959,2.9,9.5,0
8.2,0.21,0.48,1.4,0.041,11,99,0.9958,3.17,9.9,0
6.8,0.31,0.42,6.9,0.046,50,173,0.9958,3.19,9,0
8,0.23,0.35,9.2,0.044,53,186,0.997,3.09,9.5,1
6.3,0.41,0.3,3.2,0.03,49,164,0.9927,3.53,11.7,1
7.6,0.2,0.26,4.5,0.086,37,133,0.9963,3.15,9.2,0
7.5,0.26,0.26,18.35,0.084,33,139,1.0011,3.17,8.8,0
6.8,0.28,0.37,7,0.057,35,208,0.9973,3.57,10.2,0
7.1,0.33,0.3,3.3,0.034,30,102,0.9912,3.08,12.3,1
6.4,0.43,0.27,1.1,0.054,5,110,0.9939,3.24,9.1,0
7,0.12,0.28,6.3,0.057,17,103,0.9957,3.5,9.6,0
6.8,0.31,0.09,1.4,0.04,56,145,0.9922,3.19,10,0
7.2,0.15,0.39,1.8,0.043,21,159,0.9948,3.52,10,0
8,0.4,0.33,7.7,0.034,27,98,0.9935,3.18,12.2,1
6.8,0.18,0.46,1.4,0.064,37,160,0.9924,3.37,11.1,0
9,0.55,0.3,8.1,0.026,14,71,0.993,2.94,11.8,0
6.3,0.41,0.33,4.7,0.023,28,110,0.991,3.3,12.5,1
8,0.43,0.4,12.4,0.168,29,190,0.9991,3.07,9.2,0
7.5,0.3,0.71,1.3,0.16,44,149,0.9948,3.08,8.9,0
6.4,0.26,0.4,1.7,0.179,5,60,0.9925,3.09,10.1,0
6.9,0.32,0.15,8.1,0.046,51,180,0.9958,3.13,8.9,0
7.2,0.23,0.33,12.7,0.049,50,183,0.9987,3.41,9.8,0
7.9,0.35,0.36,1.6,0.038,11,124,0.9928,3.25,11,0
8.8,0.2,0.28,1.1,0.018,18,72,0.9926,2.97,10.4,0
5.5,0.14,0.27,4.6,0.029,22,104,0.9949,3.34,9,0
8.7,0.24,0.35,0.6,0.042,11,71,0.9926,3.08,10.6,0
8.3,0.33,0.43,9.2,0.046,22,126,0.9982,3.38,9.3,0
6.8,0.33,0.44,7,0.05,29,155,0.9955,3.14,9.5,0
6.8,0.21,0.27,18.15,0.042,41,146,1.0001,3.3,8.7,0
8.6,0.485,0.29,4.1,0.026,19,101,0.9918,3.01,12.4,0
6.7,0.31,0.31,4.9,0.031,20,151,0.9926,3.36,12,1
7.3,0.29,0.37,8.3,0.044,45,227,0.9966,3.12,9,0
5.7,0.46,0.46,1.4,0.04,31,169,0.9932,3.13,8.8,0
6.8,0.28,0.44,11.5,0.04,58,223,0.9969,3.22,9.5,0
6.9,0.17,0.25,1.6,0.047,34,132,0.9914,3.16,11.4,0
7.6,0.18,0.36,2.4,0.049,38,123,0.996,3.6,10.3,0
7.8,0.27,0.28,1.8,0.05,21,127,0.9934,3.15,9.9,0
7.6,0.29,0.29,4.4,0.051,26,146,0.9939,3.16,10.2,0
7.1,0.33,0.25,1.6,0.03,25,126,0.9901,3.22,12.1,1
6.6,0.27,0.29,5.3,0.045,57,189,0.9953,3.31,9.8,0
6.8,0.36,0.32,1.6,0.039,10,124,0.9948,3.3,9.6,0
7.5,0.42,0.14,10.7,0.046,18,95,0.9959,3.22,10.7,0
9.4,0.3,0.32,10.7,0.029,14,111,0.9958,2.85,10.6,0
7.2,0.24,0.19,7.7,0.045,53,176,0.9958,3.17,9.5,0
5.3,0.76,0.03,2.7,0.043,27,93,0.9932,3.34,9.2,0
6.6,0.22,0.53,15.1,0.052,22,136,0.9986,2.94,9.4,0
8.4,0.28,0.4,8.9,0.048,33,146,0.9988,3.4,9.3,0
6.8,0.32,0.34,6,0.05,5,129,0.9953,3.19,9.1,0
6.7,0.24,0.33,12.3,0.046,31,145,0.9983,3.36,9.5,0
6,0.16,0.3,6.7,0.043,43,153,0.9951,3.63,10.6,0
6.2,0.34,0.3,11.1,0.047,28,237,0.9981,3.18,8.7,0
6,0.27,0.15,1.5,0.056,35,128,0.9936,3.12,8.8,0
8.5,0.24,0.47,15.2,0.057,40,234,1.0005,3.02,9,0
6.5,0.22,0.25,17.1,0.05,44,138,1.0001,3.3,8.8,0
7.7,0.26,0.32,1.2,0.04,26,117,0.993,3.21,10.8,0
8,0.16,0.36,1.5,0.033,14,122,0.9941,3.2,10.3,0
6.8,0.25,0.27,10.7,0.076,47,154,0.9967,3.05,9,0
6.9,0.26,0.33,12.6,0.051,59,173,0.998,3.39,9.9,0
6,0.28,0.22,12.15,0.048,42,163,0.9957,3.2,10.1,0
6.5,0.43,0.28,12,0.056,23,174,0.9986,3.31,9.3,0
7,0.35,0.24,1.9,0.04,21,144,0.9923,3.35,11,0
7.2,0.16,0.26,7.1,0.054,41,224,0.9966,3.38,10.1,0
5.5,0.24,0.32,8.7,0.06,19,102,0.994,3.27,10.4,0
7.1,0.33,0.64,13.2,0.056,12,105,0.9972,3.05,9.2,0
7.7,0.28,0.35,15.3,0.056,31,117,0.9998,3.27,9.6,0
7.5,0.26,0.52,13.2,0.047,64,179,0.9982,3.1,9,0
6.5,0.14,0.32,2.7,0.037,18,89,0.9924,3.4,11.5,1
6.4,0.29,0.2,15.6,0.04,20,142,0.9962,3.1,10.6,0
9.8,0.93,0.45,8.6,0.052,34,187,0.9994,3.12,10.2,0
7.8,0.29,0.33,8.75,0.035,33,181,0.9962,3.11,10.7,0
7.9,0.28,0.32,3.6,0.038,9,76,0.992,3.05,11.7,0
6.3,0.24,0.37,1.8,0.031,6,61,0.9897,3.3,12.2,0
6.8,0.37,0.28,4,0.03,29,79,0.99,3.23,12.4,1
8.4,0.22,0.28,18.8,0.028,55,130,0.998,2.96,11.6,0
7,0.35,0.31,1.8,0.069,15,162,0.9944,3.18,9.4,0
7.4,0.19,0.3,12.8,0.053,48.5,229,0.9986,3.14,9.1,1
7.6,0.32,0.58,16.75,0.05,43,163,0.9999,3.15,9.2,0
7.4,0.19,0.3,12.8,0.053,48.5,212,0.9986,3.14,9.1,1
6,0.34,0.24,5.4,0.06,23,126,0.9951,3.25,9,1
6.3,0.3,0.24,6.6,0.04,38,141,0.995,3.22,9.5,0
6.5,0.39,0.81,1.2,0.217,14,74,0.9936,3.08,9.5,0
6.8,0.25,0.18,1.4,0.056,13,137,0.9935,3.11,9.5,0
9.2,0.23,0.35,10.7,0.037,34,145,0.9981,3.09,9.7,0
7.1,0.26,0.19,8.2,0.051,53,187,0.996,3.16,9.7,0
6.4,0.24,0.23,7.3,0.069,31,157,0.9962,3.25,9.1,0
7.6,0.27,0.33,2,0.059,19,175,0.9944,3.22,9.9,0
7.7,0.39,0.34,10,0.056,35,178,0.9974,3.26,10.2,0
6.6,0.23,0.24,3.9,0.045,36,138,0.9922,3.15,11.3,1
7.1,0.26,0.3,2,0.031,13,128,0.9917,3.19,11.4,0
7.4,0.24,0.26,1.6,0.058,53,150,0.9936,3.18,9.9,1
7.8,0.3,0.37,1.3,0.051,16,96,0.9941,3.32,10,0
6.5,0.24,0.36,2.2,0.027,36,134,0.9898,3.28,12.5,1
8,0.45,0.28,10.8,0.051,25,157,0.9957,3.06,11.4,1
7.6,0.23,0.26,15.3,0.067,32,166,0.9986,3.03,9.2,0
7.7,0.28,0.58,12.1,0.046,60,177,0.9983,3.08,8.9,0
7.7,0.27,0.61,12,0.046,64,179,0.9982,3.07,8.9,0
7.1,0.2,0.36,11.6,0.042,45,124,0.997,2.92,9.5,1
7.1,0.28,0.19,7.8,0.04,48,184,0.99579,3.16,9.4,0
6.4,0.34,0.2,14.9,0.06,37,162,0.9983,3.13,9,0
6.1,0.23,0.45,10.6,0.094,49,169,0.99699,3.05,8.8,0
6.7,0.23,0.42,11.2,0.047,52,171,0.99758,3.54,10.4,0
7,0.36,0.14,11.6,0.043,35,228,0.9977,3.13,8.9,0
6.3,0.27,0.18,7.7,0.048,45,186,0.9962,3.23,9,0
7.4,0.18,0.29,1.4,0.042,34,101,0.99384,3.54,10.5,1
7.1,0.14,0.35,1.4,0.039,24,128,0.99212,2.97,10.4,0
6.9,0.3,0.21,15.7,0.056,49,159,0.99827,3.11,9,0
9.4,0.42,0.32,6.5,0.027,20,167,0.99479,3.08,10.6,0
7.3,0.19,0.25,1.4,0.051,41,107,0.99382,3.53,10.5,1
6.1,0.46,0.32,6.2,0.053,10,94,0.99537,3.35,10.1,0
7.5,0.29,0.26,14.95,0.067,47,178,0.99838,3.04,9.2,0
6.7,0.43,0.23,5,0.157,49,145,0.99471,3.17,9.4,0
7.3,0.4,0.28,6.5,0.037,26,97,0.99148,3.16,12.6,1
7.4,0.18,0.24,1.4,0.047,21,106,0.99383,3.52,10.5,1
7,0.32,0.31,6.4,0.031,38,115,0.99235,3.38,12.2,1
7.3,0.3,0.33,2.3,0.043,28,125,0.99084,3.34,12.6,1
6.6,0.22,0.28,12.05,0.058,25,125,0.99856,3.45,9.4,0
6,0.26,0.18,7,0.055,50,194,0.99591,3.21,9,0
6.9,0.44,0.18,11.8,0.051,26,126,0.9975,3.23,9.1,0
7,0.36,0.3,5,0.04,40,143,0.99173,3.33,12.2,1
5.6,0.295,0.2,2.2,0.049,18,134,0.99378,3.21,10,0
6.8,0.21,0.55,14.6,0.053,34,159,0.99805,2.93,9.2,0
9.4,0.28,0.3,1.6,0.045,36,139,0.99534,3.11,9.3,0
7,0.22,0.26,2.8,0.036,44,132,0.99078,3.34,12,1
6.8,0.32,0.3,3.3,0.029,15,80,0.99061,3.33,12.6,1
7.4,0.2,0.31,1.6,0.038,34,116,0.9912,3.25,12,1
7.5,0.24,0.62,10.6,0.045,51,153,0.99779,3.16,8.8,0
7.5,0.26,0.59,11.8,0.046,58,164,0.99814,3.17,8.9,0
6.6,0.4,0.32,1.7,0.035,39,84,0.99096,3.59,12.7,1
4.6,0.445,0,1.4,0.053,11,178,0.99426,3.79,10.2,0
7.5,0.3,0.32,1.4,0.032,31,161,0.99154,2.95,10.5,0
8.3,0.27,0.34,10.2,0.048,50,118,0.99716,3.18,10.3,0
6.8,0.26,0.22,4.8,0.041,110,198,0.99437,3.29,10.6,0
7.2,0.34,0.3,8.4,0.051,40,167,0.99756,3.48,9.7,0
6.7,0.17,0.27,1.4,0.032,39,149,0.99254,3.4,10.5,0
7.6,0.48,0.33,7,0.024,14,130,0.9918,3.25,12.5,1
8.9,0.21,0.37,1.2,0.028,20,93,0.99244,3.2,11.5,0
7.4,0.32,0.27,12.9,0.04,60,221,0.99831,3.05,9.4,0
6,0.495,0.27,5,0.157,17,129,0.99396,3.03,9.3,0
8.2,0.25,0.46,3.75,0.05,14,102,0.99524,3.28,9.7,0
6.7,0.24,0.26,12.6,0.053,44,182,0.99802,3.42,9.7,0
6.6,0.32,0.24,1.3,0.06,42.5,204,0.99512,3.59,9.2,0
7.6,0.32,0.35,1.6,0.092,24,138,0.99438,3.19,9.8,0
6.2,0.45,0.73,7.2,0.099,47,202,0.99582,3.21,9.2,0
6,0.33,0.18,3,0.036,5,85,0.99125,3.28,11.5,0
9.4,0.23,0.56,16.45,0.063,52.5,282,1.00098,3.1,9.3,0
6.4,0.27,0.19,2,0.084,21,191,0.99516,3.49,9.6,0
6.4,0.27,0.19,1.9,0.085,21,196,0.99516,3.49,9.5,0
6.9,0.3,0.29,1.3,0.053,24,189,0.99362,3.29,9.9,0
6.9,0.3,0.3,1.3,0.053,24,186,0.99361,3.29,9.9,0
7.6,0.21,0.35,1.2,0.041,7,106,0.9914,3.06,11.3,0
6.4,0.17,0.34,1.5,0.091,42,135,0.9938,3.25,9.6,1
6.3,0.695,0.55,12.9,0.056,58,252,0.99806,3.29,8.7,0
7,0.27,0.29,3.9,0.059,28,199,0.9961,3.54,10.3,0
8.4,0.3,0.25,17.75,0.047,25,218,1.00016,2.98,9.1,0
9.2,0.16,0.49,2,0.044,18,107,0.99514,3.1,10.2,0
9.8,0.16,0.46,1.8,0.046,23,130,0.99587,3.04,9.6,0
6.6,0.23,0.18,8.5,0.044,59,188,0.99558,3.16,9.5,0
7.5,0.705,0.1,13,0.044,44,214,0.99741,3.1,9.1,0
6.3,0.38,0.17,8.8,0.08,50,212,0.99803,3.47,9.4,0
6.3,0.41,0.16,0.9,0.032,25,98,0.99274,3.16,9.5,0
6.1,0.36,0.41,19.35,0.07,67,207,1.00118,3.39,9.1,0
6.8,0.26,0.43,11.75,0.045,53,198,0.9969,3.26,9.5,0
6.2,0.44,0.18,7.7,0.096,28,210,0.99771,3.56,9.2,0
6.4,0.28,0.17,8.3,0.042,61,195,0.99577,3.22,9.4,0
6.3,0.29,0.14,7.05,0.045,50,177,0.99564,3.23,9,0
6.4,0.35,0.35,5.6,0.034,9,148,0.99441,3.17,9.8,0
6.9,0.43,0.28,9.4,0.056,29,183,0.99594,3.17,9.4,0
7.6,0.285,0.32,14.6,0.063,32,201,0.998,3,9.2,0
6.6,0.34,0.34,2.6,0.051,40.5,210,0.99314,3.15,10,0
6.6,0.32,0.33,2.5,0.052,40,210,0.99316,3.15,10,0
6.6,0.56,0.15,10,0.037,38,157,0.99642,3.28,9.4,0
7.3,0.19,0.27,1.6,0.027,35,136,0.99248,3.38,11,1
7.1,0.29,0.3,16,0.036,58,201,0.99954,3.3,9,0
8.3,0.25,0.33,2.5,0.053,12,72,0.99404,2.89,9.5,0
7,0.26,0.26,10.8,0.039,37,184,0.99787,3.47,10.3,1
6,0.26,0.15,1.2,0.053,35,124,0.99347,3.08,8.8,0
7.5,0.28,0.78,12.1,0.041,53,161,0.99838,2.98,8.7,0
7.5,0.27,0.79,11.95,0.04,51,159,0.99839,2.98,8.7,0
7.6,0.25,0.34,1.3,0.056,34,176,0.99434,3.1,9.5,0
6.1,0.27,0.31,1.5,0.035,17,83,0.99076,3.32,11.1,1
7.4,0.56,0.09,1.5,0.071,19,117,0.99496,3.22,9.8,0
6.8,0.32,0.3,1,0.049,22,113,0.99289,3.24,10.2,0
6.7,0.24,0.32,10.3,0.079,37,122,0.99662,3.02,8.8,0
6,0.2,0.24,5.3,0.075,49,201,0.99466,3.21,9.5,0
7.6,0.31,0.23,12.7,0.054,20,139,0.99836,3.16,9.7,0
6.3,0.18,0.22,1.5,0.043,45,155,0.99238,3.19,10.2,0
8.6,0.23,0.25,11.3,0.031,13,96,0.99645,3.11,10.8,0
6.8,0.21,0.36,18.1,0.046,32,133,1,3.27,8.8,0
6.4,0.31,0.4,6.4,0.039,39,191,0.99513,3.14,9.8,0
8.6,0.34,0.36,1.4,0.045,11,119,0.99556,3.17,9.4,0
7.1,0.34,0.31,5.2,0.032,36,140,0.99166,3.35,12.3,1
8,0.27,0.57,10.4,0.053,18,134,0.99732,3.12,9,0
6.9,0.34,0.36,1.4,0.032,13,145,0.99214,3.07,9.8,0
7.1,0.12,0.3,3.1,0.018,15,37,0.99004,3.02,11.9,1
6.3,0.24,0.55,8.1,0.04,67,216,0.99596,3.24,9.2,0
7.5,0.41,0.23,14.8,0.054,28,174,0.99898,3.18,9.7,0
8.2,0.2,0.38,3.5,0.053,41,174,0.99306,3.22,11.6,0
6.6,0.42,0.13,12.8,0.044,26,158,0.99772,3.24,9,0
6.7,0.54,0.27,7.1,0.049,8,178,0.99502,3.16,9.4,0
6.4,0.22,0.3,11.2,0.046,53,149,0.99479,3.21,10.8,0
6.2,0.27,0.18,1.5,0.028,20,111,0.99228,3.41,10,0
9,0.29,0.34,12.1,0.03,34,177,0.99706,3.13,10.6,0
6.7,0.5,0.38,7.5,0.046,26,175,0.99662,3.32,9.6,0
6.2,0.33,0.14,4.8,0.052,27,128,0.99475,3.21,9.4,0
6.6,0.36,0.52,11.3,0.046,8,110,0.9966,3.07,9.4,0
6.3,0.13,0.42,1.1,0.043,63,146,0.99066,3.13,11.2,1
6.4,0.15,0.44,1.2,0.043,67,150,0.9907,3.14,11.2,1
5.7,0.255,0.65,1.2,0.079,17,137,0.99307,3.2,9.4,0
6.9,0.28,0.22,10,0.052,36,131,0.99696,3.08,9.6,0
6.9,0.21,0.24,1.8,0.021,17,80,0.98992,3.15,12.3,1
6.6,0.24,0.28,1.8,0.028,39,132,0.99182,3.34,11.4,0
6.8,0.26,0.24,1.9,0.043,70,154,0.99273,3.18,10.5,0
6.5,0.27,0.4,10,0.039,74,227,0.99582,3.18,9.4,0
6.7,0.25,0.36,8.6,0.037,63,206,0.99553,3.18,9.6,0
5.8,0.3,0.27,1.7,0.014,45,104,0.98914,3.4,12.6,1
6.8,0.18,0.3,12.8,0.062,19,171,0.99808,3,9,1
7.2,0.615,0.1,1.4,0.068,25,154,0.99499,3.2,9.7,0
6.7,0.34,0.3,8.5,0.059,24,152,0.99615,3.46,11,1
7.3,0.32,0.29,1.5,0.038,32,144,0.99296,3.2,10.8,0
6.3,0.21,0.29,11.7,0.048,49,147,0.99482,3.22,10.8,0
5.4,0.5,0.13,5,0.028,12,107,0.99079,3.48,13.5,1
8.2,0.52,0.34,1.2,0.042,18,167,0.99366,3.24,10.6,0
6.7,0.3,0.29,2.8,0.025,37,107,0.99159,3.31,11.3,1
6.3,0.27,0.46,11.1,0.053,44,177,0.99691,3.18,9.4,0
6.5,0.3,0.39,7.8,0.038,61,219,0.9959,3.19,9.4,0
6.6,0.36,0.52,10.1,0.05,29,140,0.99628,3.07,9.4,0
6.15,0.21,0.37,3.2,0.021,20,80,0.99076,3.39,12,0
6.5,0.18,0.41,14.2,0.039,47,129,0.99678,3.28,10.3,1
6.6,0.26,0.21,2.9,0.026,48,126,0.99089,3.22,11.3,1
6.5,0.28,0.28,20.4,0.041,40,144,1.0002,3.14,8.7,0
8,0.24,0.26,1.7,0.033,36,136,0.99316,3.44,10.4,1
7.8,0.17,0.23,1.7,0.029,39,128,0.99272,3.37,10.7,1
5.8,0.6,0,1.3,0.044,72,197,0.99202,3.56,10.9,0
6.7,0.28,0.28,2.4,0.012,36,100,0.99064,3.26,11.7,1
6.8,0.44,0.2,16,0.065,61,186,0.99884,3.13,8.6,0
7.2,0.24,0.27,11.4,0.034,40,174,0.99773,3.2,9,0
8.7,0.31,0.73,14.35,0.044,27,191,1.00013,2.96,8.7,0
6.1,0.15,0.35,15.8,0.042,55,158,0.99642,3.24,10.6,0
7.6,0.23,0.4,5.2,0.066,14,91,0.99488,3.17,9.7,0
8.1,0.33,0.22,5.2,0.047,24,151,0.99527,3.22,10.3,0
6.7,0.12,0.3,5.2,0.048,38,113,0.99352,3.33,10.1,1
5.7,0.18,0.36,1.2,0.046,9,71,0.99199,3.7,10.9,1
5.8,0.15,0.28,0.8,0.037,43,127,0.99198,3.24,9.3,0
7,0.34,0.39,6.9,0.066,43,162,0.99561,3.11,9.5,0
6.4,0.28,0.27,11,0.042,45,148,0.99786,3.14,8.7,0
6.9,0.4,0.22,5.95,0.081,76,303,0.99705,3.4,9.4,0
6.8,0.19,0.23,5.1,0.034,71,204,0.9942,3.23,10.1,0
7.1,0.23,0.24,5.4,0.039,60,196,0.9948,3.19,10,0
6.45,0.14,0.42,1.2,0.05,51,129,0.99116,3.27,11.1,1
6.5,0.15,0.44,12.6,0.052,65,158,0.99688,3.26,10.3,1
6.2,0.21,0.34,6.6,0.03,36,91,0.9914,3.32,12.5,1
8.3,0.4,0.41,8.2,0.05,15,122,0.9979,3.39,9.3,0
5.9,0.34,0.31,2,0.03,38,142,0.98892,3.4,12.9,1
6.6,0.12,0.25,1.4,0.039,21,131,0.99114,3.2,11.2,1
6.8,0.26,0.4,7.5,0.046,45,179,0.99583,3.2,9.3,0
5.9,0.3,0.3,2,0.03,38,142,0.98892,3.41,12.9,1
7,0.15,0.3,13.3,0.049,46,120,0.99704,3.2,9.5,1
7.2,0.35,0.25,5.6,0.032,23,120,0.99334,2.93,10.3,1
7.2,0.32,0.24,5.6,0.033,23,120,0.99334,2.92,10.3,1
7.1,0.31,0.17,1,0.042,21,144,0.99304,3.13,9.6,0
7,0.16,0.36,2.6,0.029,28,98,0.99126,3.11,11.2,1
6.6,0.24,0.38,8,0.042,56,187,0.99577,3.21,9.2,0
7,0.18,0.37,1.5,0.043,16,104,0.99216,3.18,10.8,0
6.5,0.46,0.31,5,0.027,15,72,0.99165,3.26,11.5,1
6.5,0.23,0.36,16.3,0.038,43,133,0.99924,3.26,8.8,0
7.8,0.25,0.34,13.7,0.044,66,184,0.99976,3.22,8.9,0
5.6,0.2,0.22,1.3,0.049,25,155,0.99296,3.74,10,0
6.4,0.21,0.44,7.4,0.045,47,182,0.9957,3.24,9.1,0
8.2,0.37,0.64,13.9,0.043,22,171,0.99873,2.99,9.3,0
7.6,0.4,0.27,5.2,0.03,32,101,0.99172,3.22,12.3,1
6.5,0.29,0.31,1.7,0.035,24,79,0.99053,3.27,11.4,1
6.8,0.3,0.22,6.2,0.06,41,190,0.99858,3.18,9.2,0
7.9,0.51,0.36,6.2,0.051,30,173,0.9984,3.09,9.7,0
7.9,0.51,0.34,2.6,0.049,13,135,0.99335,3.09,10,0
7.4,0.2,0.28,9.1,0.047,29,95,0.99532,3.16,9.8,1
6.9,0.615,0.42,12,0.067,24,131,0.99727,3.19,9.3,0
6.8,0.32,0.28,4.8,0.034,25,100,0.99026,3.08,12.4,1
6.7,0.44,0.22,4.3,0.032,19,99,0.99015,3.26,12.8,1
5.9,0.17,0.28,0.7,0.027,5,28,0.98985,3.13,10.6,0
6.6,0.34,0.18,6.4,0.082,47,240,0.9971,3.42,9.2,0
7.3,0.32,0.35,1.4,0.05,8,163,0.99244,3.24,10.7,0
6.4,0.44,0.44,14.4,0.048,29,228,0.99955,3.26,8.8,1
6.2,0.29,0.32,3.6,0.026,39,138,0.9892,3.31,13.1,1
7.6,0.39,0.32,3.6,0.035,22,93,0.99144,3.08,12.5,1
6.7,0.2,0.37,1.65,0.025,42,103,0.99022,3.11,11.4,0
6.2,0.235,0.34,1.9,0.036,4,117,0.99032,3.4,12.2,0
6.9,0.4,0.42,6.2,0.066,41,176,0.99552,3.12,9.4,0
6.9,0.4,0.43,6.2,0.065,42,178,0.99552,3.11,9.4,0
6.8,0.35,0.53,10.1,0.053,37,151,0.9963,3.07,9.4,0
6.9,0.31,0.32,1.6,0.036,34,114,0.99068,3.19,11.4,1
6.7,0.16,0.37,1.3,0.036,45,125,0.98964,3.19,12.4,1
7.5,0.17,0.71,11.8,0.038,52,148,0.99801,3.03,8.9,0
7.5,0.18,0.72,9.6,0.039,53,151,0.99802,3.03,8.9,0
5.8,0.32,0.31,2.7,0.049,25,153,0.99067,3.44,12.2,1
7.8,0.26,0.31,3.6,0.025,22,100,0.99066,2.99,12.1,1
7.4,0.3,0.32,1.7,0.03,23,128,0.9929,3.17,10.9,0
6.6,0.36,0.24,0.9,0.038,15,72,0.99066,3.23,11,0
7.2,0.17,0.41,1.6,0.052,24,126,0.99228,3.19,10.8,0
6,0.11,0.47,10.6,0.052,69,148,0.9958,2.91,9.3,0
6.6,0.4,0.46,6.2,0.056,42,241,0.9968,3.5,9.9,0
6.5,0.2,0.24,9.2,0.044,25,150,0.99502,3.22,10.5,0
6.4,0.14,0.31,1.2,0.034,53,138,0.99084,3.38,11.5,1
6.6,0.22,0.34,11.6,0.05,59,140,0.99526,3.22,10.8,0
6.6,0.45,0.43,7.2,0.064,31,186,0.9954,3.12,9.4,0
7.2,0.44,0.28,3.4,0.048,22,112,0.99188,3.21,11.3,1
6.9,0.15,0.29,2.3,0.033,14,82,0.99132,3.1,11.2,1
5.8,0.22,0.29,0.9,0.034,34,89,0.98936,3.14,11.1,1
8,0.22,0.31,5.6,0.049,24,97,0.993,3.1,10.9,0
6.5,0.22,0.29,7.4,0.028,16,87,0.99311,3.15,10.9,1
5.8,0.2,0.34,1,0.035,40,86,0.98993,3.5,11.7,0
6.6,0.31,0.07,1.5,0.033,55,144,0.99208,3.16,10,0
7.7,0.43,0.37,10,0.169,22,210,0.99776,3.02,9.5,0
6.7,0.24,0.29,14.9,0.053,55,136,0.99839,3.03,9,0
7.3,0.23,0.34,9.3,0.052,19,86,0.99574,3.04,10,0
6.9,0.33,0.26,5,0.027,46,143,0.9924,3.25,11.2,1
5.6,0.18,0.58,1.25,0.034,29,129,0.98984,3.51,12,1
6.7,0.48,0.32,1.4,0.021,22,121,0.9889,3.15,12.7,1
6.2,0.23,0.23,1.2,0.018,18,128,0.99178,3.05,10.6,0
4.2,0.17,0.36,1.8,0.029,93,161,0.98999,3.65,12,1
5.4,0.23,0.36,1.5,0.03,74,121,0.98976,3.24,12.1,1
6.5,0.15,0.55,5.9,0.045,75,162,0.99482,2.97,9.3,0
7.9,0.25,0.35,6.7,0.039,22,64,0.99362,2.93,10.7,0
7,0.24,0.3,6.7,0.039,37,125,0.99436,3.2,9.9,0
6.8,0.475,0.33,3.95,0.047,16,81,0.98988,3.23,13.4,1
7,0.28,0.32,7.75,0.032,30,114,0.99158,3.12,12.8,1
6.6,0.41,0.31,1.6,0.042,18,101,0.99195,3.13,10.5,0
6.4,0.2,0.28,2.5,0.032,24,84,0.99168,3.31,11.5,0
8.5,0.22,0.34,0.7,0.04,5,25,0.9918,3.04,10.5,0
6.7,0.42,0.46,9.7,0.054,67,234,0.99848,3.23,9,0
6.4,0.125,0.36,1.4,0.044,22,68,0.99014,3.15,11.7,1
7,0.31,0.39,7.5,0.055,42,218,0.99652,3.37,10.3,0
8.6,0.18,0.28,0.8,0.032,25,78,0.99104,2.99,11.1,0
6.2,0.21,0.26,13.1,0.05,59,150,0.99772,3.31,9,0
6.5,0.22,0.32,2.2,0.028,36,92,0.99076,3.27,11.9,1
6.2,0.36,0.14,8.9,0.036,38,155,0.99622,3.27,9.4,0
6.4,0.25,0.32,0.9,0.034,40,114,0.99114,3.31,10.8,1
7.6,0.31,0.26,1.7,0.073,40,157,0.9938,3.1,9.8,0
6.6,0.26,0.46,6.9,0.047,59,183,0.99594,3.2,9.3,0
7.7,0.18,0.3,1.2,0.046,49,199,0.99413,3.03,9.3,0
7.1,0.36,0.4,1.95,0.033,26,118,0.98934,3.2,13.5,1
6.4,0.16,0.32,8.75,0.038,38,118,0.99449,3.19,10.7,0
7.4,0.28,0.4,11.9,0.032,13,92,0.99629,3.01,10.8,0
7,0.31,0.31,9.1,0.036,45,140,0.99216,2.98,12,1
5.3,0.21,0.29,0.7,0.028,11,66,0.99215,3.3,9.8,0
7.1,0.27,0.28,1.25,0.023,3,89,0.98993,2.95,11.4,0
5.2,0.17,0.27,0.7,0.03,11,68,0.99218,3.3,9.8,0
6.8,0.26,0.46,8.3,0.037,49,173,0.99601,3.17,9.3,0
6,0.28,0.25,1.8,0.042,8,108,0.9929,3.08,9,0
7.2,0.2,0.22,1.6,0.044,17,101,0.99471,3.37,10,0
6.1,0.27,0.25,1.8,0.041,9,109,0.9929,3.08,9,0
6.4,0.29,0.3,2.9,0.036,25,79,0.99037,3.29,12.4,1
7.4,0.35,0.24,6,0.042,28,123,0.99304,3.14,11.3,0
7.3,0.4,0.26,5.45,0.016,26,90,0.98951,2.84,13.2,1
7.7,0.11,0.34,14.05,0.04,41,114,0.99634,3.07,11,1
6.9,0.38,0.38,13.1,0.112,14,94,0.99792,3.02,9.2,0
7.5,0.38,0.29,4.9,0.021,38,113,0.99026,3.08,13,1
5.8,0.19,0.24,1.3,0.044,38,128,0.99362,3.77,10.6,0
8.4,0.31,0.31,0.95,0.021,52,148,0.99038,2.93,11.5,0
7.3,0.26,0.24,1.7,0.05,10,112,0.99286,3.11,9.9,0
8.5,0.23,0.28,11.1,0.033,30,97,0.99507,3.03,10.5,1
6.7,0.18,0.28,10.2,0.039,29,115,0.99469,3.11,10.9,1
6.6,0.2,0.27,10.9,0.038,29,130,0.99496,3.11,10.5,1
6,0.32,0.3,1.3,0.025,18,112,0.98802,3.07,13.3,1
5,0.3,0.33,3.7,0.03,54,173,0.9887,3.36,13,1
6.7,0.25,0.31,1.35,0.061,30.5,218,0.99388,3.16,9.5,0
6.8,0.27,0.29,4.6,0.046,6,88,0.99458,3.34,10.6,0
8,0.74,0.21,4,0.05,24,133,0.99418,3.06,9.7,0
5.4,0.22,0.29,1.2,0.045,69,152,0.99178,3.76,11,1
7.4,0.32,0.22,11.7,0.035,44,150,0.99578,3.1,10.4,0
6,0.24,0.33,2.5,0.026,31,85,0.99014,3.13,11.3,1
6.8,0.29,0.34,3.5,0.054,26,189,0.99489,3.42,10.4,0
6.3,0.2,0.37,11.8,0.045,58,130,0.99519,3.2,10.8,0
7.7,0.18,0.53,1.2,0.041,42,167,0.9908,3.11,11.9,0
6.2,0.255,0.24,1.7,0.039,138.5,272,0.99452,3.53,9.6,0
5.6,0.2,0.66,10.2,0.043,78,175,0.9945,2.98,10.4,1
6.9,0.28,0.41,1.4,0.016,6,55,0.98876,3.16,13.4,0
7.2,0.27,0.37,5.4,0.026,27,114,0.99174,3.13,12.7,0
6.2,0.25,0.38,7.9,0.045,54,208,0.99572,3.17,9.1,0
6.2,0.25,0.54,7,0.046,58,176,0.99454,3.19,10.4,0
7.4,0.21,0.8,12.3,0.038,77,183,0.99778,2.95,9,0
6.5,0.36,0.38,10.2,0.028,20,82,0.99274,3.1,12.1,1
6.7,0.24,0.41,2.9,0.039,48,122,0.99052,3.25,12,0
6.6,0.25,0.33,8.5,0.042,29,141,0.99546,3.28,10.4,0
6.4,0.15,0.4,1.5,0.042,23,87,0.98972,3.11,12.2,1
7.1,0.28,0.35,3.5,0.028,35,91,0.99022,2.96,12.1,0
5.8,0.31,0.32,4.5,0.024,28,94,0.98906,3.25,13.7,1
7,0.25,0.45,2.3,0.045,40,118,0.99064,3.16,11.9,1
6.8,0.13,0.39,1.4,0.034,19,102,0.99121,3.23,11.3,1
6.6,0.78,0.5,1.5,0.045,30,133,0.99104,3.25,11.7,0
5.1,0.33,0.27,6.7,0.022,44,129,0.99221,3.36,11,1
6.7,0.34,0.4,2.1,0.033,34,111,0.98924,2.97,12.2,1
6.7,0.14,0.51,4.3,0.028,57,124,0.99176,2.91,10.7,1
7.6,0.35,0.46,14.7,0.047,33,151,0.99709,3.03,10.3,0
6.9,0.3,0.36,4.5,0.054,31,203,0.99513,3.4,10.4,0
6.5,0.23,0.39,1.9,0.036,41,98,0.99,3.19,11.9,1
7.6,0.23,0.34,1.6,0.043,24,129,0.99305,3.12,10.4,0
6.7,0.21,0.37,2.5,0.034,35,89,0.9913,3.25,11,1
5.9,0.28,0.39,1.4,0.031,47,147,0.98836,3.08,12.9,1
5.9,0.19,0.37,0.8,0.027,3,21,0.9897,3.09,10.8,0
5.5,0.18,0.22,5.5,0.037,10,86,0.99156,3.46,12.2,0
7.4,0.23,0.38,8.6,0.052,41,150,0.99534,3.06,10.3,0
7.2,0.17,0.37,6.9,0.059,47,128,0.99322,3.08,11,1
6.3,0.35,0.26,17.6,0.061,59,198,0.99918,3.11,8.8,0
5.9,0.33,0.32,8.1,0.038,9,34,0.9911,3.22,12.7,1
5.5,0.19,0.27,0.9,0.04,52,103,0.99026,3.5,11.2,0
6.8,0.39,0.34,7.4,0.02,38,133,0.99212,3.18,12,1
6.1,0.17,0.42,15.1,0.033,28,124,0.99684,2.87,9.5,0
7.1,0.36,0.37,4.8,0.019,39,114,0.99036,3.08,12.7,1
5.6,0.41,0.22,7.1,0.05,44,154,0.9931,3.3,10.5,0
8.5,0.2,0.4,1.1,0.046,31,106,0.99194,3,10.5,0
5.5,0.12,0.33,1,0.038,23,131,0.99164,3.25,9.8,0
8.7,0.3,0.59,1.7,0.046,10,70,0.99373,3.06,10.8,0
6.6,0.19,0.33,1.8,0.035,42,148,0.99196,3.15,10.2,0
5.8,0.28,0.3,1.5,0.026,31,114,0.98952,3.32,12.5,1
5.7,0.16,0.32,1.2,0.036,7,89,0.99111,3.26,11,0
6.4,0.22,0.38,9.1,0.044,35,127,0.99326,2.97,11,1
6.8,0.21,0.4,6.3,0.032,40,121,0.99214,3.18,12,1
5.2,0.31,0.36,5.1,0.031,46,145,0.9897,3.14,12.4,1
5.6,0.42,0.34,2.4,0.022,34,97,0.98915,3.22,12.8,1
6.8,0.28,0.34,7.5,0.035,34,177,0.99692,3.33,9.1,0
6.6,0.29,0.39,6.75,0.031,22,98,0.9913,3.15,12.9,1
6.8,0.25,0.24,1.6,0.045,39,164,0.99402,3.53,10.8,0
6.4,0.21,0.34,16.05,0.04,56,142,0.99678,3.11,10.6,0
5.8,0.33,0.23,5,0.053,29,106,0.99458,3.13,9,0
6.4,0.24,0.32,0.95,0.041,23,131,0.99033,3.25,11.8,0
7.2,0.13,0.46,1.3,0.044,48,111,0.99127,2.97,11.1,0
6.5,0.29,0.25,2.5,0.142,8,111,0.9927,3,9.9,0
6.2,0.35,0.31,2.6,0.036,37,92,0.98938,3.27,12.8,1
9,0.38,0.53,2.1,0.102,19,76,0.99001,2.93,12.9,0
6.6,0.33,0.4,2.65,0.041,35,86,0.98916,3.11,13.3,1
6.2,0.2,0.26,1.1,0.047,42,119,0.99158,3.48,11,1
6.7,0.31,0.32,14.5,0.038,6,79,0.99412,3.14,12.5,0
6.4,0.23,0.35,4.6,0.039,43,147,0.99216,3.18,11,1
7.6,0.27,0.29,2.5,0.059,37,115,0.99328,3.09,9.8,0
6.6,0.34,0.24,3.3,0.034,29,99,0.99031,3.1,12.3,1
5.8,0.3,0.42,1.1,0.036,19,113,0.98871,3.1,12.6,1
6.7,0.21,0.36,8.55,0.02,20,86,0.99146,3.19,13.4,1
6.4,0.25,0.37,4.5,0.039,41,147,0.9921,3.18,11.1,1
7.1,0.38,0.4,2.2,0.042,54,201,0.99177,3.03,11.4,0
7.6,0.19,0.32,18.75,0.047,32,193,1.00014,3.1,9.3,1
6.6,0.38,0.36,9.2,0.061,42,214,0.9976,3.31,9.4,0
6.4,0.15,0.29,1.8,0.044,21,115,0.99166,3.1,10.2,0
6.5,0.32,0.34,5.7,0.044,27,91,0.99184,3.28,12,1
7.5,0.22,0.32,2.4,0.045,29,100,0.99135,3.08,11.3,1
6.4,0.23,0.32,1.9,0.038,40,118,0.99074,3.32,11.8,1
6.1,0.22,0.31,1.4,0.039,40,129,0.99193,3.45,10.9,0
6.4,0.16,0.25,1.4,0.057,21,125,0.99091,3.23,11.1,1
6.7,0.12,0.36,2.3,0.039,43,125,0.99229,3.07,10.1,1
6.8,0.23,0.31,2.8,0.047,40,122,0.99126,3.06,10.9,1
7.8,0.25,0.37,1,0.043,10,80,0.99128,3.08,11.4,0
6.8,0.17,0.35,1.8,0.04,29,84,0.98961,2.91,12,1
6.5,0.25,0.5,7.6,0.047,54,184,0.99572,3.17,9.2,0
6.8,0.32,0.32,8.7,0.029,31,105,0.99146,3,12.3,1
6.3,0.22,0.34,5,0.032,36,93,0.99012,3.27,13.5,1
6,0.32,0.3,1.9,0.033,41,142,0.98912,3.29,12.8,1
6.3,0.3,0.29,2.1,0.048,33,142,0.98956,3.22,12.9,1
6,0.19,0.29,1.1,0.047,67,152,0.9916,3.54,11.1,1
5.9,0.24,0.28,1.3,0.032,36,95,0.98889,3.08,12.9,1
5.8,0.18,0.37,1.2,0.036,19,74,0.98853,3.09,12.7,1
5.1,0.21,0.28,1.4,0.047,48,148,0.99168,3.5,10.4,0
7.5,0.29,0.36,15.7,0.05,29,124,0.9968,3.06,10.4,0
5.7,0.26,0.3,1.8,0.039,30,105,0.98995,3.48,12.5,1
6.6,0.17,0.28,1.8,0.042,62,178,0.99204,3.15,10.2,0
5.8,0.17,0.36,1.3,0.036,11,70,0.99202,3.43,10.4,1
6.4,0.24,0.29,1,0.038,18,122,0.9906,3.3,11.5,0
6.5,0.22,0.28,3.7,0.059,29,151,0.99177,3.23,12.1,1
6.5,0.26,0.32,6.65,0.059,34,104,0.99254,3.18,11.1,0
6.9,0.36,0.28,13.55,0.048,51,189,0.99782,3,9.5,1
6,0.22,0.33,12.2,0.033,25,97,0.99356,3.17,11.3,1
7.1,0.18,0.49,1.3,0.033,12,72,0.99072,3.05,11.3,1
7.6,0.2,0.26,4.8,0.033,26,76,0.99076,2.98,12.3,1
6.9,0.28,0.24,2.1,0.034,49,121,0.98882,2.98,13.2,1
5.9,0.19,0.21,1.7,0.045,57,135,0.99341,3.32,9.5,0
7.6,0.36,0.49,11.3,0.046,87,221,0.9984,3.01,9.2,0
6.5,0.28,0.34,3.6,0.04,29,121,0.99111,3.28,12.1,1
6.9,0.19,0.35,6.9,0.045,51,125,0.9933,3.1,10.7,1
6.6,0.24,0.3,11.3,0.026,11,77,0.99381,3.13,12.8,1
6.6,0.26,0.46,7.8,0.047,48,186,0.9958,3.2,9.1,0
6.1,0.33,0.32,7.8,0.052,52,183,0.99657,3.39,9.5,0
8.8,0.19,0.3,5,0.028,34,120,0.99242,2.94,11.2,0
8.8,0.27,0.25,5,0.024,52,99,0.9925,2.87,11.4,0
8.9,0.3,0.35,4.6,0.032,32,148,0.99458,3.15,11.5,1
6.7,0.64,0.3,1.2,0.03,18,76,0.9892,3.16,12.9,0
7.6,0.28,0.49,20.15,0.06,30,145,1.00196,3.01,8.5,0
7.8,0.29,0.29,3.15,0.044,41,117,0.99153,3.24,11.5,0
6.2,0.255,0.27,1.3,0.037,30,86,0.98834,3.05,12.9,1
6.7,0.4,0.22,8.8,0.052,24,113,0.99576,3.22,9.4,0
6.7,0.3,0.44,18.5,0.057,65,224,0.99956,3.11,9.1,0
6.8,0.17,0.32,1.4,0.04,35,106,0.99026,3.16,12,0
7.1,0.25,0.28,1.2,0.04,31,111,0.99174,3.18,11.1,0
5.9,0.27,0.27,5,0.035,14,97,0.99058,3.1,11.8,1
6.7,0.3,0.44,18.75,0.057,65,224,0.99956,3.11,9.1,0
6.7,0.47,0.29,4.75,0.034,29,134,0.99056,3.29,13,1
6.6,0.21,0.29,5.35,0.029,43,106,0.99112,2.93,11.5,1
6,0.39,0.13,1.2,0.042,60,172,0.99114,3.06,10.6,0
6.1,0.105,0.31,1.3,0.037,55,145,0.9912,3.41,11.1,1
5.8,0.32,0.2,2.6,0.027,17,123,0.98936,3.36,13.9,1
6.2,0.3,0.31,1.6,0.035,40,106,0.98914,3.26,12.9,1
6.6,0.24,0.27,10.3,0.047,54,219,0.99742,3.04,8.8,0
7.6,0.31,0.24,1.8,0.037,39,150,0.9913,3.05,11.8,1
5.9,0.32,0.28,4.7,0.039,34,94,0.98964,3.22,13.1,1
5.8,0.22,0.3,1.1,0.047,36,131,0.992,3.26,10.4,0
7.5,0.21,0.32,4.8,0.056,39,113,0.99393,3.11,10.2,1
6,0.28,0.27,15.5,0.036,31,134,0.99408,3.19,13,1
6.3,0.22,0.28,2.4,0.042,38,102,0.98998,3.14,11.6,1
6.7,0.29,0.45,14.3,0.054,30,181,0.99869,3.14,9.1,0
6.9,0.33,0.31,4.2,0.04,21,93,0.9896,3.18,13.4,1
6.5,0.16,0.34,1.4,0.029,29,133,0.99108,3.33,11.5,1
6,0.2,0.32,3,0.031,26,118,0.99134,3.38,11.2,1
7.1,0.36,0.28,2.4,0.036,35,115,0.98936,3.19,13.5,1
6.5,0.19,0.28,1.4,0.046,22,90,0.99038,3.18,11.7,1
6.8,0.19,0.33,1.3,0.031,22,87,0.98987,3.08,12.3,1
7.2,0.33,0.34,2,0.044,61,171,0.98947,3.25,13.3,1
6.6,0.29,0.29,1.8,0.036,38,102,0.98819,3.08,13.7,1
7.5,0.2,0.41,1.2,0.05,26,131,0.99133,3.19,11.1,0
6.9,0.33,0.62,7.5,0.038,46,132,0.99143,3.23,13.4,1
6,0.23,0.15,9.7,0.048,101,207,0.99571,3.05,9.1,0
5.9,0.23,0.24,3.8,0.038,61,152,0.99139,3.31,11.3,1
6.6,0.32,0.41,7.2,0.048,55,178,0.99537,3.2,9.4,0
6.9,0.75,0.13,6.3,0.036,19,50,0.99312,3.09,11.1,0
7.1,0.35,0.27,3.1,0.034,28,134,0.9897,3.26,13.1,1
6.4,0.28,0.44,7.1,0.048,49,179,0.99528,3.15,9.2,0
6.5,0.28,0.25,4.8,0.029,54,128,0.99074,3.17,12.2,1
4.8,0.21,0.21,10.2,0.037,17,112,0.99324,3.66,12.2,1
7.8,0.15,0.34,1.1,0.035,31,93,0.99096,3.07,11.3,1
5.9,0.655,0,5.6,0.033,8,31,0.9936,3.32,10.5,0
6.8,0.18,0.28,1.1,0.027,32,112,0.99089,3.15,11,1
7.4,0.28,0.36,14.6,0.048,35,161,0.9968,3.14,10.6,0
7.3,0.23,0.27,2.6,0.035,39,120,0.99138,3.04,11.3,1
7.4,0.25,0.28,7.25,0.028,14,78,0.99238,2.94,11.5,1
7.5,0.3,0.21,6.55,0.026,33,143,0.99244,2.92,11.1,0
7.2,0.26,0.24,7,0.023,19,130,0.99176,3.14,12.8,1
7,0.24,0.35,1,0.032,42,104,0.98988,3.16,11.7,1
5.8,0.28,0.28,4.2,0.044,52,158,0.992,3.35,10.7,1
6.6,0.19,0.35,1.5,0.037,37,107,0.99006,3.18,12,1
5.6,0.28,0.27,3.9,0.043,52,158,0.99202,3.35,10.7,1
5.6,0.28,0.28,4.2,0.044,52,158,0.992,3.35,10.7,1
6.8,0.19,0.32,7.6,0.049,37,107,0.99332,3.12,10.7,1
7.2,0.16,0.29,1,0.031,40,123,0.98958,3.12,12.1,1
6.6,0.17,0.28,1.1,0.034,55,108,0.98939,3,11.9,1
5.8,0.2,0.24,1.4,0.033,65,169,0.99043,3.59,12.3,1
6.6,0.295,0.24,1.6,0.039,29,140,0.99304,3.35,10.4,1
6.7,0.35,0.48,8.8,0.056,35,167,0.99628,3.04,9.4,0
6.4,0.38,0.24,7.2,0.047,41,151,0.99604,3.11,9.2,0
7.7,0.32,0.61,11.8,0.041,66,188,0.99794,3,9.3,0
7,0.29,0.33,0.9,0.041,20,117,0.99048,3.21,11.4,0
7.1,0.27,0.24,12.6,0.044,48,118,0.99726,3.04,10,1
6.3,0.2,0.26,4.7,0.04,108,168,0.99278,3.07,10.7,1
6.6,0.36,0.28,6.1,0.029,12,93,0.99054,3.19,12.8,1
7.6,0.31,0.27,8.8,0.021,57,156,0.99442,3.08,11,1
6.5,0.26,0.39,1.4,0.02,12,66,0.99089,3.25,11.3,1
8.7,0.3,0.34,4.8,0.018,23,127,0.99474,3.12,11.2,1
6.4,0.29,0.32,2.4,0.014,34,89,0.99008,3.24,12.5,1
7.2,0.33,0.22,4.5,0.031,10,73,0.99076,2.97,12.2,1
7.3,0.31,0.25,6.65,0.032,30,138,0.99244,2.9,11.1,0
6.9,0.19,0.6,4,0.037,6,122,0.99255,2.92,10.4,0
6.8,0.52,0.26,5.7,0.038,27,130,0.99,3.11,13,1
7.1,0.28,0.28,8.5,0.03,25,191,0.99338,3.16,12.2,1
5.8,0.275,0.3,5.4,0.043,41,149,0.9926,3.33,10.8,1
6.1,0.6,0.12,1.8,0.05,11,76,0.99268,3.42,10.4,0
6.5,0.27,0.26,11,0.03,2,82,0.99402,3.07,11.2,0
6.8,0.3,0.29,6.2,0.025,29,95,0.99071,3.03,12.9,1
5.3,0.3,0.3,1.2,0.029,25,93,0.98742,3.31,13.6,1
6.4,0.16,0.44,1.2,0.051,39,122,0.99058,3.11,11.3,1
6.8,0.31,0.3,8,0.028,33,122,0.99164,3.13,12.6,1
6,0.16,0.27,12,0.03,39,98,0.99402,3.15,10.8,0
5.6,0.21,0.24,4.4,0.027,37,150,0.991,3.3,11.5,1
7,0.3,0.27,1.5,0.076,24,145,0.99344,3.1,10.1,0
6.6,0.26,0.22,18.15,0.05,23,139,0.99904,3.06,9.2,0
7.7,0.35,0.46,11.8,0.088,61,183,0.99786,2.86,9,0
6.7,0.31,0.09,1.4,0.039,53,141,0.99206,3.12,10.1,0
4.7,0.67,0.09,1,0.02,5,9,0.98722,3.3,13.6,0
6.3,0.2,0.18,10.6,0.045,57,159,0.99666,3.09,9.2,0
6.6,0.28,0.23,10.4,0.049,45,190,0.99754,3.12,8.8,0
8.5,0.18,0.3,1.1,0.028,34,95,0.99272,2.83,10,0
6.8,0.22,0.26,1.2,0.041,29,182,0.99104,3.04,11.2,0
6.6,0.3,0.45,8,0.038,54,200,0.9956,3.18,9.5,0
6.3,0.34,0.27,2.5,0.024,40,152,0.99095,3.35,11.9,1
7.7,0.3,0.23,2,0.068,28,138,0.99382,3.11,9.8,0
7.7,0.31,0.23,2,0.069,29,134,0.99382,3.11,9.8,0
5.7,0.265,0.28,6.9,0.036,46,150,0.99299,3.36,10.8,1
7.5,0.28,0.41,1.3,0.044,11,126,0.99293,3.28,10.3,0
6,0.21,0.29,13.1,0.042,28,125,0.99936,3.39,8.6,0
6.5,0.32,0.48,8,0.026,18,88,0.99144,3.22,12.7,0
7.1,0.21,0.72,1.6,0.167,65,120,0.99324,2.97,9.2,0
7,0.15,0.28,14.7,0.051,29,149,0.99792,2.96,9,1
7.4,0.27,0.28,1.8,0.04,45,121,0.99043,3.02,11.9,0
6.2,0.24,0.25,12.5,0.055,47,134,0.99758,3.3,9,0
5.5,0.17,0.23,2.9,0.039,10,108,0.99243,3.28,10,0
6.5,0.26,0.34,1.4,0.04,25,184,0.99216,3.29,10.7,0
6.1,0.17,0.28,2.5,0.028,22,98,0.99072,3.16,11.1,1
7.4,0.2,0.35,6.1,0.025,10,40,0.99244,2.79,10.9,0
6.7,0.39,0.24,2.7,0.017,22,80,0.99084,3.03,11.5,0
6.9,0.4,0.17,12.9,0.033,59,186,0.99754,3.08,9.4,0
5,0.61,0.12,1.3,0.009,65,100,0.9874,3.26,13.5,0
6.7,0.42,0.39,12.1,0.04,61,248,0.99794,3.31,9.7,0
6.9,0.33,0.31,7.7,0.04,29,135,0.99226,3.11,12.3,0
6.3,0.15,0.3,1.4,0.022,38,100,0.99099,3.42,11.4,1
6.5,0.32,0.45,7.7,0.022,31,97,0.99134,3.2,12.7,1
6.4,0.27,0.45,8.3,0.05,52,196,0.9955,3.18,9.5,0
5.6,0.19,0.31,2.7,0.027,11,100,0.98964,3.46,13.2,1
7.4,0.29,0.48,12.8,0.037,61.5,182,0.99808,3.02,8.8,0
6.4,0.34,0.44,8.2,0.043,54,201,0.99551,3.18,9.5,0
6.6,0.27,0.52,8.1,0.044,53,202,0.99548,3.18,9.5,0
6.5,0.26,0.5,8,0.051,46,197,0.99536,3.18,9.5,0
5.5,0.24,0.45,1.7,0.046,22,113,0.99224,3.22,10,0
7.9,0.21,0.39,2,0.057,21,138,0.99176,3.05,10.9,0
7,0.3,0.28,2.2,0.042,21,177,0.99166,3.2,11.4,0
8.1,0.2,0.3,1.3,0.036,7,49,0.99242,2.99,10.3,0
6.8,0.21,0.62,6.4,0.041,7,113,0.99358,2.96,10.2,0
7.2,0.28,0.38,2,0.052,23,156,0.9912,3.13,11.1,0
7.4,0.34,0.28,12.1,0.049,31,149,0.99677,3.22,10.3,0
6.8,0.41,0.3,8.8,0.045,28,131,0.9953,3.12,9.9,0
6.3,0.3,0.2,3.7,0.039,34,132,0.99158,3,10.7,0
7.3,0.24,0.3,2.5,0.042,31,104,0.9911,3.05,11.3,1
7.1,0.44,0.23,5.8,0.035,24,100,0.99062,3.15,13.2,1
6.8,0.31,0.19,3.5,0.086,30,130,0.993,2.83,9.6,0
6.5,0.41,0.22,4.8,0.052,49,142,0.9946,3.14,9.2,0
6.2,0.31,0.23,3.3,0.052,34,113,0.99429,3.16,8.4,0
6.4,0.32,0.23,16.2,0.055,36,176,0.9986,3.26,9.1,0
8.2,0.31,0.43,7,0.047,18,87,0.99628,3.23,10.6,0
6.6,0.32,0.26,4.6,0.031,26,120,0.99198,3.4,12.5,1
7.3,0.25,0.26,7.2,0.048,52,207,0.99587,3.12,9.2,0
6.6,0.39,0.22,4,0.038,17,98,0.99018,3.25,13,1
7.3,0.36,0.54,13.3,0.054,63,193,0.99864,3.06,8.6,0
7.6,0.37,0.51,11.7,0.094,58,181,0.99776,2.91,9,0
6.7,0.26,0.51,8,0.062,50,194,0.99545,3.13,9.6,0
7.4,0.22,0.27,1.6,0.057,45,98,0.99299,3.29,9.9,1
6.1,0.22,0.28,16.55,0.059,54,135,0.99665,3.2,10.5,0
7.1,0.28,0.31,1.5,0.053,20,98,0.99069,3.15,11.4,0
6.5,0.35,0.31,10.2,0.069,58,170,0.99692,3.18,9.4,0
6.8,0.73,0.2,6.6,0.054,25,65,0.99324,3.12,11.1,0
6,0.21,0.3,8.7,0.036,47,127,0.99368,3.18,10.6,0
4.8,0.65,0.12,1.1,0.013,4,10,0.99246,3.32,13.5,0
5,0.455,0.18,1.9,0.036,33,106,0.98746,3.21,14,1
6.5,0.33,0.3,3.8,0.036,34,88,0.99028,3.25,12.5,1
6.2,0.39,0.24,4.8,0.037,45,138,0.99174,3.23,11.2,1
6.2,0.28,0.51,7.9,0.056,49,206,0.9956,3.18,9.4,0
6.4,0.35,0.28,1.6,0.037,31,113,0.98779,3.12,14.2,1
7.3,0.36,0.34,14.8,0.057,46,173,0.99751,3.14,10.2,0
8.6,0.31,0.3,0.9,0.045,16,109,0.99249,2.95,10.1,0
8.6,0.22,0.33,1.2,0.031,38,95,0.99239,2.83,10.3,0
6.5,0.22,0.31,3.9,0.046,17,106,0.99098,3.15,11.5,0
6.6,0.32,0.47,15.6,0.063,27,173,0.99872,3.18,9,0
8.7,0.31,0.21,5.6,0.039,28,67,0.99328,2.96,11,0
7,0.46,0.2,16.7,0.046,50,184,0.99898,3.08,9.4,0
6.5,0.36,0.36,6.7,0.185,51.5,151,0.99528,3.17,9.3,0
6.9,0.4,0.37,8.9,0.053,36,148,0.996,3.16,9.3,0
4.9,0.345,0.34,1,0.068,32,143,0.99138,3.24,10.1,0
6.1,0.3,0.32,2.2,0.042,41,142,0.98952,3.31,12.7,1
5.7,0.14,0.3,5.4,0.045,26,105,0.99469,3.32,9.3,0
6.3,0.33,0.2,17.9,0.066,36,161,0.9991,3.14,8.8,0
8.4,0.22,0.3,1.3,0.038,45,122,0.99178,3.13,10.8,1
5.4,0.24,0.18,2.3,0.05,22,145,0.99207,3.24,10.3,0
7.7,0.31,0.36,4.3,0.026,15,87,0.99152,3.11,12,0
7.6,0.39,0.46,11.7,0.084,55,170,0.99773,2.91,9,0
7.2,0.58,0.27,5.8,0.032,40,118,0.99088,3.17,13,1
6,0.34,0.32,3.8,0.044,13,116,0.99108,3.39,11.8,1
7.5,0.35,0.48,12.4,0.056,61,176.5,0.99803,2.97,8.8,0
7.3,0.38,0.23,6.5,0.05,18,102,0.99304,3.1,11.2,0
6.3,0.27,0.51,7.6,0.049,35,200,0.99548,3.16,9.4,0
6.7,0.18,0.31,10.6,0.035,42,143,0.99572,3.08,9.8,1
6.1,0.24,0.26,1.7,0.033,61,134,0.9903,3.19,11.9,1
7,0.32,0.29,7.6,0.025,35,124,0.99162,3.15,12.8,1
6.1,0.22,0.25,12.1,0.035,54,135,0.99481,3.21,10.7,0
6.3,0.22,0.27,4.5,0.036,81,157,0.9928,3.05,10.7,1
6.9,0.2,0.41,1.1,0.06,36,104,0.99317,2.99,9.2,0
6.7,0.19,0.32,3.7,0.041,26,76,0.99173,2.9,10.5,1
6.7,0.28,0.34,8.9,0.048,32,111,0.99455,3.25,11,1
8,0.37,0.31,4.7,0.038,3,127,0.99186,2.9,12.1,0
6,0.26,0.29,3.1,0.041,37,144,0.98944,3.22,12.8,1
6.4,0.25,0.57,1,0.062,21,122,0.99238,3,9.5,0
6.5,0.38,0.26,5.2,0.042,33,112,0.99067,3.06,12.3,1
6.2,0.32,0.12,4.8,0.054,6,97,0.99424,3.16,9.3,0
7.2,0.4,0.24,8.5,0.055,45,151,0.99626,3.2,9.2,0
6.4,0.37,0.12,5.9,0.056,6,91,0.99536,3.06,8.4,0
6.4,0.26,0.26,1.1,0.052,22,176,0.99304,3.09,9.3,0
6.9,0.19,0.38,1.15,0.023,30,105,0.99047,3.11,11.4,0
6.4,0.29,0.57,1,0.06,15,120,0.9924,3.06,9.5,0
6.8,0.27,0.22,17.8,0.034,16,116,0.9989,3.07,9.2,0
7.3,0.33,0.22,1.4,0.041,40,177,0.99287,3.14,9.9,0
6.1,1.1,0.16,4.4,0.033,8,109,0.99058,3.35,12.4,0
6.3,0.24,0.29,1.6,0.052,48,185,0.9934,3.21,9.4,0
6.2,0.24,0.22,7.9,0.053,45,149,0.99545,3.23,9.3,0
7.4,0.16,0.27,15.5,0.05,25,135,0.9984,2.9,8.7,1
7.2,0.17,0.28,17.55,0.05,33,154,0.99971,2.94,9,1
6.5,0.43,0.18,13.15,0.032,25,131,0.99565,3.23,10.7,0
6.4,0.41,0.01,6.1,0.048,20,70,0.99362,3.19,10,0
6.1,0.17,0.21,1.9,0.09,44,130,0.99255,3.07,9.7,0
5.5,0.28,0.21,1.6,0.032,23,85,0.99027,3.42,12.5,0
6.9,0.38,0.28,8.3,0.062,22,166,0.99506,3.16,10.6,0
7.5,0.16,0.38,12.7,0.043,70.5,163,0.99706,3.15,10.4,1
6.5,0.36,0.16,1.3,0.054,11,107,0.99398,3.19,8.5,0
6.6,0.35,0.19,10.5,0.06,15,82,0.99588,3.13,9.9,0
7.4,0.37,0.26,9.6,0.05,33,134,0.99608,3.13,10.4,0
6.2,0.3,0.32,1.2,0.052,32,185,0.99266,3.28,10.1,0
8,0.25,0.35,1.1,0.054,13,136,0.99366,3.08,9.5,0
6.6,0.21,0.34,5.6,0.046,30,140,0.99299,3.22,11,0
6.9,0.37,0.23,9.5,0.057,54,166,0.99568,3.23,10,0
5.7,0.31,0.28,4.1,0.03,22,86,0.99062,3.31,11.7,1
6.9,0.45,0.27,4.7,0.035,17,80,0.99058,3.12,12.5,1
6.9,0.3,0.45,1.4,0.039,36,122,0.99059,3.07,11.1,1
7.6,0.4,0.27,1.2,0.053,23,193,0.99164,3.22,11.6,0
6.5,0.4,0.31,3.5,0.046,22,147,0.99024,3.15,12,1
7.4,0.28,0.5,12.1,0.049,48,122,0.9973,3.01,9,0
6,0.13,0.36,1.6,0.052,23,72,0.98974,3.1,11.5,1
6.3,0.17,0.23,5.7,0.048,44,147,0.99382,3.08,10,0
6.6,0.33,0.32,15.6,0.054,62,227,0.99734,3.25,10.4,0
6.3,0.34,0.31,6,0.02,18,68,0.98981,3.22,13.4,1
7.4,0.31,0.26,8.6,0.048,47,206,0.9964,3.26,9.1,0
5.9,0.26,0.24,2.4,0.046,27,132,0.99234,3.63,11.3,0
6.8,0.18,0.35,5.4,0.054,53,143,0.99287,3.1,11,1
7.1,0.13,0.29,15.5,0.064,56,115.5,0.99737,3.16,9.7,1
5.8,0.24,0.28,1.4,0.038,40,76,0.98711,3.1,13.9,1
7.6,0.48,0.31,9.4,0.046,6,194,0.99714,3.07,9.4,0
6.1,0.3,0.47,1.4,0.049,50,187,0.9927,3.19,9.5,0
6.2,0.32,0.5,6.5,0.048,61,186,0.9948,3.19,9.6,0
6.3,0.34,0.52,6.3,0.047,63,186,0.99481,3.18,9.6,0
7.4,0.16,0.3,13.7,0.056,33,168,0.99825,2.9,8.7,1
7.2,0.26,0.38,1.5,0.061,12,120,0.99192,3.18,10.4,0
7,0.31,0.35,1.6,0.063,13,119,0.99184,3.22,10.7,0
5.8,0.23,0.31,3.5,0.044,35,158,0.98998,3.19,12.1,1
6.6,0.22,0.37,1.6,0.04,31,101,0.99009,3.15,12,0
7.1,0.34,0.86,1.4,0.174,36,99,0.99288,2.92,9.3,0
6.9,0.35,0.39,2.4,0.048,25,157,0.99133,3.2,11.1,1
5.8,0.19,0.33,4.2,0.038,49,133,0.99107,3.16,11.3,1
6.9,0.24,0.4,15.4,0.052,81,198,0.9986,3.2,9.4,0
6.2,0.3,0.3,2.5,0.041,29,82,0.99065,3.31,11.8,1
6.4,0.33,0.28,4,0.04,24,81,0.9903,3.26,12.6,1
7.6,0.27,0.32,1.2,0.043,23,72,0.99236,3.06,10.5,0
7.8,0.27,0.35,1.2,0.05,36,140,0.99138,3.09,11.2,0
6.3,0.3,0.48,7.4,0.053,34,149,0.99472,3.18,9.8,0
7.9,0.36,0.53,12.9,0.049,63,139,0.99792,2.94,9.1,0
6.2,0.3,0.32,1.3,0.054,27,183,0.99266,3.3,10.1,0
6.6,0.31,0.37,6.2,0.052,13,164,0.99602,3.24,8.8,0
6.5,0.38,0.53,1.4,0.142,5,69,0.9926,3.14,10.1,0
7,0.44,0.24,12.1,0.056,68,210,0.99718,3.05,9.5,0
6.1,0.38,0.14,3.9,0.06,27,113,0.99344,3.07,9.2,0
5.3,0.43,0.11,1.1,0.029,6,51,0.99076,3.51,11.2,0
5.4,0.22,0.35,6.5,0.029,26,87,0.99092,3.29,12.5,1
5.6,0.255,0.57,10.7,0.056,66,171,0.99464,3.25,10.4,1
5.2,0.2,0.27,3.2,0.047,16,93,0.99235,3.44,10.1,1
7.5,0.23,0.3,1.2,0.03,27,80,0.99192,3.05,10.5,0
5.7,0.28,0.36,1.8,0.041,38,90,0.99002,3.27,11.9,1
5.9,0.22,0.29,4.2,0.037,69,144,0.99214,3.13,10.8,1
7.6,0.36,0.48,13.5,0.038,44,116,0.9982,3.04,9.2,0
5.3,0.47,0.1,1.3,0.036,11,74,0.99082,3.48,11.2,0
7.5,0.29,0.24,9.9,0.058,25,115,0.99567,3.15,10.9,0
6,0.33,0.26,5.1,0.051,16,119,0.99416,3.15,9.2,0
6,0.31,0.27,2.3,0.042,19,120,0.98952,3.32,12.7,1
7.1,0.46,0.23,13.7,0.045,44,192,0.9981,3.11,9.4,0
6.9,0.42,0.2,15.4,0.043,57,201,0.99848,3.08,9.4,0
5.2,0.31,0.2,2.4,0.027,27,117,0.98886,3.56,13,1
7.2,0.22,0.35,5.5,0.054,37,183,0.99474,3.08,10.3,0
5.7,0.26,0.24,17.8,0.059,23,124,0.99773,3.3,10.1,0
7.6,0.28,0.17,1.6,0.046,28,117,0.99288,3.08,10,0
7.2,0.21,0.36,15.7,0.045,68,183,0.99922,3.25,9.4,0
7.4,0.22,0.28,9,0.046,22,121,0.99468,3.1,10.8,0
6.4,0.29,0.3,6.5,0.209,62,156,0.99478,3.1,9.4,0
7.2,0.34,0.23,8.9,0.105,22,155,0.99692,3.01,9.5,0
6.5,0.22,0.27,1.6,0.039,36,116,0.99178,3.38,11,1
7.1,0.23,0.28,1.9,0.046,33,103,0.98997,3.12,12,0
6.3,0.41,0.22,7.3,0.035,23,117,0.99172,3.2,11.94,1
6.7,0.41,0.24,5.4,0.035,33,115,0.9901,3.12,12.89333333,1
7.2,0.585,0.2,10.4,0.086,17,94,0.99681,3.13,9.4,0
6.7,0.34,0.26,1.9,0.038,58,138,0.9893,3,12.2,1
6.4,0.26,0.35,7.7,0.056,45,191,0.99527,3.16,9.5,0
7.4,0.38,0.34,8.3,0.052,44,168,0.99627,3.11,9.2,0
6.4,0.42,0.19,9.3,0.043,28,145,0.99433,3.23,10.98,0
6.4,0.23,0.26,8.1,0.054,47,181,0.9954,3.12,9.4,0
7.1,0.23,0.3,2.6,0.034,62,148,0.99121,3.03,11.3,1
6.2,0.29,0.29,5.6,0.046,35,178,0.99313,3.25,10.53333333,0
7.1,0.31,0.25,11.2,0.048,32,136,0.99663,3.14,9.5,0
6.3,0.19,0.33,10.1,0.063,63,133,0.99561,2.86,9.1,0
6.5,0.22,0.19,4.5,0.096,16,115,0.9937,3.02,9.6,0
7,0.23,0.28,2.7,0.053,16,92,0.99372,3.18,9.3,0
6.4,0.35,0.21,2.1,0.051,46,171,0.9932,3.16,9.5,0
6.1,0.34,0.21,5,0.042,17,133,0.99373,3.02,9.4,0
6.5,0.315,0.2,6.6,0.041,9,126,0.99494,2.94,8.8,0
6.3,0.28,0.22,9.5,0.04,30,111,0.99338,3.05,10.8,0
6.2,0.25,0.44,15.8,0.057,39,167,0.99804,3.14,9.2,0
6.6,0.24,0.22,12.3,0.051,35,146,0.99676,3.1,9.4,0
7.4,0.27,0.26,11.8,0.053,55,173,0.99699,3.11,9.8,0
5.2,0.22,0.46,6.2,0.066,41,187,0.99362,3.19,9.733333333,0
5.9,0.29,0.16,7.9,0.044,48,197,0.99512,3.21,9.4,0
6.3,0.29,0.29,3.3,0.037,32,140,0.9895,3.17,12.8,1
5.7,0.29,0.16,7.9,0.044,48,197,0.99512,3.21,9.4,0
5.7,0.24,0.47,6.3,0.069,35,182,0.99391,3.11,9.733333333,0
5.8,0.3,0.38,4.9,0.039,22,86,0.98963,3.23,13.1,1
7.1,0.27,0.27,10.4,0.041,26,114,0.99335,3.04,11.5,1
6.3,0.305,0.22,16,0.061,26,141,0.99824,3.08,9.1,0
5.7,0.24,0.47,6.3,0.069,35,182,0.99391,3.11,9.75,0
6.3,0.32,0.26,12.3,0.044,24,205,0.99611,3.11,9.9,0
8.1,0.36,0.59,13.6,0.051,60,134,0.99886,2.96,8.7,0
6.9,0.56,0.26,10.9,0.06,55,193,0.9969,3.21,9.4,0
6.7,0.34,0.31,16.4,0.051,20,146,0.99834,3.06,9.1,0
6.3,0.3,0.19,7.7,0.049,47,184,0.99514,3.22,9.5,0
6.3,0.39,0.22,2.8,0.048,53,173,0.99304,3.24,9.8,0
6,0.28,0.29,19.3,0.051,36,174,0.99911,3.14,9,0
6.6,0.35,0.26,2.7,0.045,19,129,0.98952,3.24,13,1
6.6,0.26,0.56,15.4,0.053,32,141,0.9981,3.11,9.3,0
6.2,0.32,0.24,4.1,0.051,34,149,0.99306,3.36,11,0
6.3,0.25,0.27,6.6,0.054,40,158,0.99378,3.2,10.3,0
7,0.28,0.28,1.4,0.039,12,83,0.99173,3.18,11.1,0
7.1,0.36,0.2,1.6,0.271,24,140,0.99356,3.11,9.8,0
6.4,0.32,0.26,7.9,0.05,53,180,0.99514,3.14,9.6,0
5.9,0.22,0.45,22.6,0.12,55,122,0.99636,3.1,12.8,0
5.8,0.555,0.26,4.5,0.053,17,126,0.9943,3.24,9.1,0
6.3,0.29,0.3,8.1,0.212,60,150,0.9958,3.1,9.3,0
6.8,0.2,0.25,6.2,0.052,22,106,0.9935,3.09,10.8,0
5.8,0.61,0.01,8.4,0.041,31,104,0.9909,3.26,14.05,1
6.5,0.32,0.23,8.5,0.051,20,138,0.9943,3.03,10.7,0
6.4,0.28,0.23,6,0.051,50,162,0.994,3.15,10.2,0
5.1,0.305,0.13,1.75,0.036,17,73,0.99,3.4,12.33333333,0
5.8,0.26,0.3,2.6,0.034,75,129,0.9902,3.2,11.5,0
6.7,0.23,0.17,1.3,0.061,14,100,0.9925,3.07,9.5,0
6.1,0.4,0.18,9,0.051,28.5,259,0.9964,3.19,8.8,0
5.8,0.31,0.31,7.5,0.052,55,230,0.9949,3.19,9.8,0
6.3,0.36,0.2,2,0.048,48,191,0.9929,3.17,9.6,0
6.7,0.18,0.25,14.3,0.048,79,149,0.9975,3.12,9.7,0
6.1,0.25,0.18,10.5,0.049,41,124,0.9963,3.14,10.5,0
8.3,0.18,0.37,1.2,0.049,6,94,0.9937,3.18,10.1,0
8.3,0.14,0.36,8.8,0.026,13,60,0.9956,3.13,11.05,0
6.9,0.28,0.37,9.1,0.037,16,76,0.9948,3.05,11.1,0
6.4,0.46,0.22,14.7,0.047,51,183,0.998275,3.39,10.5,0
6.1,0.2,0.4,1.9,0.028,32,138,0.9914,3.26,11.7,0
6.9,0.22,0.32,9.3,0.04,22,110,0.9958,3.34,10.7,1
5.6,0.18,0.3,10.2,0.028,28,131,0.9954,3.49,10.8,1
5.6,0.26,0.27,10.6,0.03,27,119,0.9947,3.4,10.7,1
7,0.23,0.35,1.4,0.036,31,113,0.9912,3.16,10.8,1
5.8,0.28,0.66,9.1,0.039,26,159,0.9965,3.66,10.8,0
8.6,0.36,0.26,11.1,0.03,43.5,171,0.9948,3.03,12,0
5.6,0.22,0.32,1.2,0.024,29,97,0.98823,3.2,13.05,1
6.2,0.2,0.26,9.7,0.03,39,102,0.9908,3.08,12.9,1
5.9,0.3,0.29,1.1,0.036,23,56,0.9904,3.19,11.3,0
4.8,0.13,0.32,1.2,0.042,40,98,0.9898,3.42,11.8,1
6.4,0.3,0.33,5.2,0.05,30,137,0.99304,3.26,11.1,0
6.5,0.16,0.33,1,0.027,23,75,0.9908,3.3,11.4,1
6.9,0.29,0.32,5.8,0.04,16,112,0.993,3.04,11.2,0
6.2,0.36,0.27,3.2,0.032,13,73,0.98942,2.9,12.6,1
6,0.615,0.04,0.8,0.032,8,50,0.99036,3.14,11,0
5.9,0.42,0.36,2.4,0.034,19,77,0.99184,3.25,10.9,0
5.8,0.34,0.21,7.2,0.041,48,146,0.99441,3.16,9.8,0
5.8,0.27,0.2,7.3,0.04,42,145,0.99442,3.15,9.8,0
6.1,0.44,0.28,4.25,0.032,43,132,0.9916,3.26,11.26666667,1
7.3,0.28,0.37,1.2,0.039,26,99,0.99198,3.01,10.8,0
6.1,0.44,0.28,4.25,0.032,43,132,0.9916,3.26,11.3,1
6.4,0.62,0.12,4.7,0.06,33,196,0.99556,3.22,8.9,0
6.5,0.5,0.22,4.1,0.036,35,131,0.9902,3.26,13,1
8.3,0.49,0.23,6.65,0.034,6,158,0.99344,3.05,11.2,0
5.6,0.24,0.34,2,0.041,14,73,0.98981,3.04,11.6,1
5.7,0.25,0.32,12.2,0.041,43,127,0.99524,3.23,10.4,1
6.6,0.21,0.39,2.3,0.041,31,102,0.99221,3.22,10.9,1
6.5,0.51,0.25,1.7,0.048,39,177,0.99212,3.28,10.6,0
5.7,0.24,0.3,1.3,0.03,25,98,0.98968,3.37,12.4,1
5,0.24,0.34,1.1,0.034,49,158,0.98774,3.32,13.1,1
5.9,0.18,0.28,1,0.037,24,88,0.99094,3.29,10.65,1
5.7,0.695,0.06,6.8,0.042,9,84,0.99432,3.44,10.2,0
5.6,0.695,0.06,6.8,0.042,9,84,0.99432,3.44,10.2,0
5.7,0.39,0.25,4.9,0.033,49,113,0.98966,3.26,13.1,1
6.3,0.36,0.28,2.5,0.035,18,73,0.98868,3.1,12.8,1
6,0.29,0.41,10.8,0.048,55,149,0.9937,3.09,10.96666667,1
6,0.29,0.41,10.8,0.048,55,149,0.9937,3.09,11,1
8,0.23,0.41,1.1,0.048,35,150,0.99168,3.09,11.2,0
6,0.17,0.33,6,0.036,30,111,0.99362,3.32,10.13333333,1
6.1,0.16,0.34,6.1,0.034,31,114,0.99365,3.32,10.13333333,1
6.4,0.31,0.53,8.8,0.057,36,221,0.99642,3.17,9.1,0
6.1,0.16,0.34,6.1,0.034,31,114,0.99365,3.32,10.15,1
6,0.17,0.33,6,0.036,30,111,0.99362,3.32,10.15,1
5.9,0.44,0.33,1.2,0.049,12,117,0.99134,3.46,11.5,0
4.9,0.335,0.14,1.3,0.036,69,168,0.99212,3.47,10.46666667,0
6,0.28,0.52,6.2,0.028,37,104,0.99161,3.28,11.8,1
5.8,0.35,0.29,3.2,0.034,41,151,0.9912,3.35,11.63333333,1
4.7,0.335,0.14,1.3,0.036,69,168,0.99212,3.47,10.5,0
6.8,0.63,0.04,1.3,0.058,25,133,0.99271,3.17,10.2,0
7.2,0.26,0.32,10.4,0.062,23,114,0.9966,3.23,10.5,0
6.9,0.19,0.31,19.25,0.043,38,167,0.99954,2.93,9.1,1
6,0.36,0.32,1.1,0.053,26,173,0.99414,3.38,8.8,0
6.7,0.35,0.32,9,0.032,29,113,0.99188,3.13,12.9,1
6.8,0.3,0.33,12.8,0.041,60,168,0.99659,3.1,9.8,0
5.9,0.12,0.28,1.4,0.037,36,83,0.99074,3.33,10.9,1
6.1,0.22,0.4,1.85,0.031,25,111,0.98966,3.03,11.8,1
5.4,0.33,0.31,4,0.03,27,108,0.99031,3.3,12.2,1
6.6,0.27,0.32,1.3,0.044,18,93,0.99044,3.11,12.25,0
7.9,0.3,0.6,1.85,0.048,13,106,0.99331,3.24,11.85,0
6.1,0.24,0.32,9,0.031,41,134,0.99234,3.25,12.3,1
6,0.32,0.46,1.5,0.05,56,189,0.99308,3.24,9.6,0
6,0.14,0.37,1.2,0.032,63,148,0.99185,3.32,11.2,0
5,0.24,0.19,5,0.043,17,101,0.99438,3.67,10,0
6.1,0.34,0.24,18.35,0.05,33,184,0.99943,3.12,9.3,0
5.1,0.25,0.36,1.3,0.035,40,78,0.9891,3.23,12.1,1
6,0.38,0.26,3.5,0.035,38,111,0.98872,3.18,13.6,1
5.9,0.48,0.3,1.5,0.037,19,78,0.99057,3.47,11.9,1
5.3,0.4,0.25,3.9,0.031,45,130,0.99072,3.31,11.75,1
6.6,0.19,0.25,1.2,0.052,34,181,0.99352,3.3,9.4,1
6.4,0.28,0.45,8.6,0.057,47,223,0.99654,3.16,9.1,0
5.2,0.21,0.31,1.7,0.048,17,61,0.98953,3.24,12,1
7.1,0.24,0.34,1.2,0.045,6,132,0.99132,3.16,11.2,0
6,0.59,0,0.8,0.037,30,95,0.99032,3.1,10.9,0
5.8,0.3,0.09,6.3,0.042,36,138,0.99382,3.15,9.7,0
6.9,0.25,0.29,2.4,0.038,28,76,0.99088,3.01,11.7,1
5.9,0.32,0.19,14.5,0.042,37,115,0.99684,3.16,10.3,0
6.4,0.31,0.5,5.8,0.038,42,111,0.99189,3.18,11.9,1
7.3,0.35,0.67,8.3,0.053,10,100,0.9959,3.19,10.9,0
5.4,0.375,0.4,3.3,0.054,29,147,0.99482,3.42,9.1,0
5.1,0.26,0.33,1.1,0.027,46,113,0.98946,3.35,11.4,1
5.8,0.36,0.5,1,0.127,63,178,0.99212,3.1,9.7,0
6.2,0.76,0.01,3.2,0.041,18,120,0.99026,3.2,13.7,1
6.5,0.28,0.34,4.6,0.054,22,130,0.99193,3.2,12,1
6.4,0.23,0.35,10.3,0.042,54,140,0.9967,3.23,9.2,0
6,0.32,0.33,9.9,0.032,22,90,0.99258,3.1,12.1,1
5.9,0.37,0.3,1.5,0.033,35,95,0.98986,3.36,12,1
6.8,0.34,0.36,8.9,0.029,44,128,0.99318,3.28,11.95,1
5.6,0.34,0.25,2.5,0.046,47,182,0.99093,3.21,11.3,0
6.6,0.38,0.29,2.4,0.136,15,93,0.99336,3.18,9.5,0
6.4,0.33,0.44,8.9,0.055,52,164,0.99488,3.1,9.6,0
6.2,0.23,0.38,1.6,0.044,12,113,0.99176,3.3,11.4,0
5.2,0.25,0.23,1.4,0.047,20,77,0.99001,3.32,11.4,0
6.4,0.35,0.51,7.8,0.055,53,177,0.99502,3.12,9.6,0
6.2,0.36,0.32,4,0.036,44,92,0.98936,3.2,13.3,1
6,0.41,0.23,1.1,0.066,22,148,0.99266,3.3,9.633333333,0
6.1,0.32,0.28,6.6,0.021,29,132,0.99188,3.15,11.45,1
6,0.42,0.41,12.4,0.032,50,179,0.99622,3.14,9.7,0
6.2,0.38,0.42,2.5,0.038,34,117,0.99132,3.36,11.6,1
5.9,0.54,0,0.8,0.032,12,82,0.99286,3.25,8.8,0
6.2,0.53,0.02,0.9,0.035,6,81,0.99234,3.24,9.5,0
5.5,0.32,0.13,1.3,0.037,45,156,0.99184,3.26,10.7,0
6.5,0.33,0.38,8.3,0.048,68,174,0.99492,3.14,9.6,0
6.2,0.21,0.28,5.7,0.028,45,121,0.99168,3.21,12.15,1
6.2,0.41,0.22,1.9,0.023,5,56,0.98928,3.04,13,1
6.8,0.22,0.36,1.2,0.052,38,127,0.9933,3.04,9.2,0
6.5,0.23,0.38,1.3,0.032,29,112,0.99298,3.29,9.7,0
6.6,0.32,0.36,8,0.047,57,168,0.9949,3.15,9.6,0
5.5,0.29,0.3,1.1,0.022,20,110,0.98869,3.34,12.8,1
6.8,0.32,0.34,1.2,0.044,14,67,0.9919,3.05,10.6,0
5.4,0.23,0.36,1.5,0.03,74,121,0.98976,3.24,12.1,1
8.2,0.18,0.49,1.1,0.033,28,81,0.9923,3,10.4,1