id1,id2,target
4,7,1
1,4,1
3,1,1
4,2,1
4,1,1
2,10,1
8,10,1
17,14,1
11,16,1
16,14,1
13,19,1
13,14,1
14,20,1
18,14,1
27,23,1
23,30,1
27,28,1
23,21,1
22,28,1
30,21,1
28,25,1
38,36,1
32,39,1
36,33,1
32,36,1
37,39,1
40,38,1
36,37,1
44,41,1
42,45,1
45,50,1
42,46,1
47,50,1
49,41,1
41,43,1
56,54,1
59,52,1
57,52,1
60,55,1
60,53,1
53,59,1
55,57,1
64,66,1
64,67,1
69,66,1
69,67,1
67,66,1
66,63,1
61,66,1
77,71,1
78,71,1
78,76,1
77,74,1
73,77,1
73,72,1
73,71,1
84,89,1
88,82,1
90,84,1
82,89,1
89,83,1
81,82,1
90,89,1
97,95,1
100,91,1
98,91,1
93,96,1
98,93,1
93,91,1
98,96,1
106,101,1
104,108,1
109,110,1
106,109,1
108,104,1
108,106,1
101,109,1
112,113,1
115,120,1
118,120,1
119,115,1
114,117,1
116,120,1
113,119,1
128,126,1
129,127,1
126,123,1
124,123,1
129,126,1
122,121,1
125,124,1
134,139,1
140,131,1
139,135,1
140,139,1
131,140,1
136,133,1
138,134,1
143,146,1
150,146,1
144,149,1
148,141,1
146,144,1
147,149,1
148,143,1
153,155,1
156,154,1
158,155,1
158,152,1
159,152,1
159,156,1
156,159,1
162,165,1
165,164,1
165,170,1
163,168,1
170,163,1
167,168,1
170,169,1
172,179,1
176,171,1
173,176,1
172,176,1
179,180,1
178,177,1
180,177,1
189,184,1
190,184,1
181,187,1
183,190,1
183,185,1
187,184,1
190,187,1
197,192,1
192,198,1
198,192,1
200,192,1
199,191,1
200,194,1
192,195,1
204,207,1
204,209,1
203,201,1
206,202,1
202,206,1
201,207,1
203,207,1
215,219,1
212,214,1
218,213,1
216,211,1
216,218,1
211,212,1
218,216,1
228,230,1
221,223,1
229,224,1
226,223,1
228,224,1
227,229,1
227,225,1
233,232,1
240,239,1
231,235,1
231,232,1
233,235,1
234,232,1
240,232,1
244,246,1
245,250,1
244,247,1
241,242,1
242,247,1
246,243,1
248,242,1
255,259,1
253,254,1
252,259,1
260,254,1
259,256,1
259,254,1
253,257,1
267,263,1
264,270,1
270,267,1
267,268,1
263,267,1
265,264,1
265,268,1
274,278,1
271,273,1
277,271,1
271,275,1
280,271,1
279,274,1
276,277,1
281,284,1
290,288,1
288,282,1
284,282,1
286,284,1
283,289,1
285,287,1
293,295,1
296,297,1
297,296,1
296,294,1
294,296,1
295,299,1
300,298,1
303,304,1
304,308,1
301,304,1
302,309,1
304,302,1
302,305,1
307,308,1
312,315,1
312,318,1
316,320,1
315,318,1
313,314,1
318,313,1
313,320,1
330,323,1
330,328,1
322,326,1
321,328,1
326,329,1
324,323,1
329,327,1
338,332,1
336,339,1
332,337,1
337,333,1
335,331,1
335,337,1
336,334,1
345,346,1
349,347,1
348,343,1
348,345,1
350,348,1
342,345,1
343,342,1
353,352,1
352,353,1
351,360,1
352,357,1
357,358,1
357,353,1
358,360,1
368,366,1
365,369,1
361,363,1
366,369,1
368,361,1
362,364,1
368,362,1
380,374,1
377,375,1
374,377,1
379,371,1
378,371,1
380,378,1
372,371,1
387,382,1
384,390,1
386,389,1
390,386,1
383,384,1
384,382,1
389,381,1
394,397,1
398,393,1
391,395,1
397,394,1
400,392,1
395,394,1
394,392,1
405,404,1
403,407,1
408,404,1
404,408,1
402,409,1
406,405,1
410,401,1
417,418,1
415,414,1
412,417,1
417,412,1
419,417,1
415,419,1
417,413,1
428,426,1
426,423,1
429,426,1
424,422,1
427,421,1
422,423,1
429,424,1
436,434,1
438,434,1
432,437,1
440,436,1
433,437,1
439,431,1
438,437,1
442,441,1
449,442,1
444,448,1
441,450,1
444,445,1
445,442,1
446,447,1
452,453,1
459,453,1
451,456,1
455,457,1
453,454,1
460,459,1
455,451,1
467,464,1
463,468,1
470,467,1
469,466,1
466,468,1
467,463,1
469,461,1
478,479,1
480,471,1
473,475,1
479,475,1
472,477,1
473,478,1
479,471,1
483,490,1
488,484,1
481,482,1
487,481,1
483,481,1
487,486,1
488,481,1
499,493,1
493,499,1
491,498,1
498,500,1
493,495,1
496,493,1
498,492,1
501,508,1
504,509,1
506,505,1
502,506,1
501,505,1
503,509,1
510,507,1
518,514,1
515,519,1
513,517,1
512,518,1
511,517,1
512,514,1
516,519,1
525,529,1
527,530,1
524,528,1
524,526,1
529,528,1
525,528,1
530,523,1
538,531,1
531,537,1
532,535,1
538,540,1
531,535,1
540,539,1
531,534,1
549,542,1
549,548,1
547,549,1
542,549,1
544,550,1
546,541,1
541,548,1
559,554,1
554,558,1
551,553,1
556,555,1
552,560,1
552,557,1
558,557,1
566,563,1
565,564,1
570,565,1
561,570,1
566,561,1
567,566,1
569,564,1
573,576,1
576,571,1
571,580,1
577,578,1
577,580,1
579,576,1
574,577,1
590,586,1
588,590,1
585,586,1
585,589,1
583,584,1
590,587,1
584,581,1
591,594,1
592,600,1
600,599,1
597,598,1
597,591,1
597,595,1
600,595,1
607,610,1
609,602,1
609,605,1
601,603,1
602,607,1
604,605,1
610,607,1
619,617,1
611,616,1
617,611,1
613,615,1
612,613,1
614,620,1
617,612,1
627,621,1
624,623,1
621,630,1
623,625,1
622,626,1
625,622,1
629,626,1
639,638,1
633,638,1
631,634,1
638,633,1
636,632,1
634,640,1
633,636,1
646,648,1
650,641,1
642,647,1
648,642,1
643,644,1
646,650,1
641,647,1
656,660,1
654,651,1
660,654,1
656,658,1
660,655,1
659,652,1
656,654,1
669,668,1
665,668,1
665,666,1
670,665,1
669,662,1
667,668,1
664,667,1
676,671,1
671,674,1
673,674,1
678,671,1
673,671,1
672,675,1
675,673,1
685,683,1
687,688,1
683,684,1
690,686,1
688,690,1
687,690,1
689,683,1
699,696,1
695,700,1
695,699,1
691,696,1
700,695,1
700,692,1
692,699,1
702,704,1
703,704,1
705,702,1
704,702,1
706,707,1
705,701,1
710,708,1
718,713,1
719,713,1
711,720,1
714,716,1
713,716,1
716,715,1
719,716,1
729,721,1
726,727,1
723,728,1
726,724,1
723,730,1
727,724,1
725,727,1
736,731,1
734,733,1
740,737,1
738,733,1
732,735,1
735,736,1
734,737,1
741,749,1
746,748,1
747,742,1
742,749,1
748,743,1
743,741,1
744,742,1
752,756,1
751,756,1
756,755,1
755,759,1
754,757,1
754,753,1
752,759,1
761,764,1
765,763,1
762,768,1
770,764,1
761,770,1
769,767,1
767,764,1
778,775,1
778,780,1
776,777,1
771,772,1
772,775,1
780,779,1
773,778,1
790,781,1
789,785,1
781,789,1
781,782,1
783,786,1
784,781,1
785,790,1
800,799,1
791,795,1
799,795,1
798,791,1
799,796,1
798,794,1
798,792,1
805,807,1
810,806,1
810,801,1
807,806,1
803,804,1
810,808,1
809,803,1
817,819,1
819,816,1
817,814,1
813,812,1
818,813,1
815,818,1
815,814,1
827,826,1
824,830,1
827,823,1
824,827,1
824,823,1
826,823,1
825,829,1
839,834,1
838,831,1
836,832,1
832,840,1
836,839,1
831,838,1
833,832,1
843,841,1
842,845,1
846,843,1
841,849,1
841,848,1
841,843,1
844,841,1
852,853,1
857,852,1
851,854,1
853,852,1
852,855,1
852,860,1
852,857,1
866,867,1
865,870,1
864,870,1
870,861,1
867,863,1
868,864,1
862,870,1
874,875,1
877,873,1
875,879,1
871,876,1
879,871,1
877,871,1
877,875,1
888,884,1
890,882,1
885,881,1
886,888,1
881,884,1
888,890,1
882,881,1
898,892,1
899,897,1
891,895,1
892,899,1
892,897,1
899,893,1
898,893,1
901,909,1
909,910,1
903,905,1
905,906,1
904,908,1
903,907,1
902,908,1
920,919,1
911,914,1
915,919,1
911,920,1
911,913,1
915,917,1
917,916,1
922,928,1
929,923,1
927,926,1
923,925,1
925,929,1
924,928,1
922,923,1
937,934,1
937,938,1
935,939,1
931,939,1
937,932,1
932,937,1
934,936,1
948,941,1
948,946,1
943,950,1
941,947,1
944,947,1
948,943,1
945,946,1
959,960,1
958,951,1
952,959,1
959,955,1
954,955,1
954,956,1
952,954,1
966,970,1
966,967,1
970,968,1
967,968,1
963,966,1
968,965,1
968,962,1
976,974,1
972,973,1
976,977,1
975,976,1
978,980,1
976,979,1
979,974,1
987,989,1
981,990,1
990,987,1
988,987,1
982,981,1
984,990,1
983,984,1
995,992,1
993,991,1
996,999,1
997,999,1
999,992,1
997,994,1
993,998,1
1005,1007,1
1003,1002,1
1009,1004,1
1001,1003,1
1010,1002,1
1008,1004,1
1001,1002,1
1016,1012,1
1013,1014,1
1017,1011,1
1012,1018,1
1013,1017,1
1015,1019,1
1019,1013,1
1023,1025,1
1026,1030,1
1029,1021,1
1022,1027,1
1030,1027,1
1026,1027,1
1029,1030,1
1040,1031,1
1040,1033,1
1035,1037,1
1034,1037,1
1039,1035,1
1035,1034,1
1031,1037,1
1047,1050,1
1050,1044,1
1044,1050,1
1047,1046,1
1047,1041,1
1044,1041,1
1042,1048,1
1054,1056,1
1057,1056,1
1053,1052,1
1056,1051,1
1051,1060,1
1052,1051,1
1054,1058,1
1066,1070,1
1069,1062,1
1068,1065,1
1069,1063,1
1064,1070,1
1068,1070,1
1066,1069,1
1074,1080,1
1079,1077,1
1075,1080,1
1078,1079,1
1078,1076,1
1076,1074,1
1073,1080,1
1086,1084,1
1089,1090,1
1090,1084,1
1088,1082,1
1084,1087,1
1085,1090,1
1084,1090,1
1095,1100,1
1099,1092,1
1091,1094,1
1091,1092,1
1094,1091,1
1100,1095,1
1093,1100,1
1105,1102,1
1102,1110,1
1110,1105,1
1103,1105,1
1104,1110,1
1104,1101,1
1106,1107,1
1116,1111,1
1119,1112,1
1118,1116,1
1117,1118,1
1113,1116,1
1113,1118,1
1118,1115,1
1124,1123,1
1124,1121,1
1121,1125,1
1129,1122,1
1125,1121,1
1128,1127,1
1128,1123,1
1135,1134,1
1138,1131,1
1131,1138,1
1135,1132,1
1132,1135,1
1131,1136,1
1140,1131,1
1143,1150,1
1150,1145,1
1149,1141,1
1149,1150,1
1144,1142,1
1150,1143,1
1150,1149,1
1155,1152,1
1156,1158,1
1151,1158,1
1156,1160,1
1151,1159,1
1152,1160,1
1153,1160,1
1166,1168,1
1167,1162,1
1169,1163,1
1163,1162,1
1170,1168,1
1169,1167,1
1164,1166,1
1174,1173,1
1173,1175,1
1174,1176,1
1172,1175,1
1174,1178,1
1179,1172,1
1174,1177,1
1188,1184,1
1190,1184,1
1189,1185,1
1187,1186,1
1187,1183,1
1182,1185,1
1190,1187,1
1195,1197,1
1200,1198,1
1191,1200,1
1200,1196,1
1192,1193,1
1194,1196,1
1196,1200,1
1207,1208,1
1208,1201,1
1208,1204,1
1202,1209,1
1207,1210,1
1209,1208,1
1210,1204,1
1215,1216,1
1214,1219,1
1211,1215,1
1212,1213,1
1216,1215,1
1219,1213,1
1211,1212,1
1225,1224,1
1224,1227,1
1225,1227,1
1223,1222,1
1228,1221,1
1229,1223,1
1223,1226,1
1237,1233,1
1237,1234,1
1235,1237,1
1235,1232,1
1234,1236,1
1236,1231,1
1237,1239,1
1246,1250,1
1245,1242,1
1246,1244,1
1241,1248,1
1245,1248,1
1245,1241,1
1246,1242,1
1260,1251,1
1260,1258,1
1259,1258,1
1259,1253,1
1258,1255,1
1252,1259,1
1251,1254,1
1268,1261,1
1261,1262,1
1261,1263,1
1270,1263,1
1262,1261,1
1267,1262,1
1265,1262,1
1280,1276,1
1271,1279,1
1279,1272,1
1271,1278,1
1278,1275,1
1277,1274,1
1272,1275,1
1290,1289,1
1288,1289,1
1284,1283,1
1289,1283,1
1284,1289,1
1283,1284,1
1290,1284,1
1300,1295,1
1294,1291,1
1300,1299,1
1298,1292,1
1295,1291,1
1293,1292,1
1293,1297,1
1301,1303,1
1303,1302,1
1301,1302,1
1306,1304,1
1307,1310,1
1308,1310,1
1301,1307,1
1313,1317,1
1319,1317,1
1312,1317,1
1312,1320,1
1319,1315,1
1315,1318,1
1320,1319,1
1325,1322,1
1329,1325,1
1329,1330,1
1327,1325,1
1326,1324,1
1328,1324,1
1329,1326,1
1336,1333,1
1340,1337,1
1332,1334,1
1337,1340,1
1333,1338,1
1335,1339,1
1340,1334,1
1341,1349,1
1348,1346,1
1348,1347,1
1343,1348,1
1346,1349,1
1350,1341,1
1346,1350,1
1354,1356,1
1354,1353,1
1357,1359,1
1355,1352,1
1354,1360,1
1352,1355,1
1353,1354,1
1362,1368,1
1368,1362,1
1370,1364,1
1367,1369,1
1361,1369,1
1370,1365,1
1364,1370,1
1379,1374,1
1373,1380,1
1375,1376,1
1372,1377,1
1373,1371,1
1375,1378,1
1377,1379,1
1389,1390,1
1384,1385,1
1390,1389,1
1386,1382,1
1384,1386,1
1382,1385,1
1389,1381,1
1399,1396,1
1395,1393,1
1395,1399,1
1395,1392,1
1396,1391,1
1394,1400,1
1394,1393,1
1401,1406,1
1406,1407,1
1407,1402,1
1408,1407,1
1407,1406,1
1401,1405,1
1407,1403,1
1415,1417,1
1417,1420,1
1419,1414,1
1416,1420,1
1419,1412,1
1414,1411,1
1411,1417,1
1430,1424,1
1429,1424,1
1430,1423,1
1429,1423,1
1423,1430,1
1423,1424,1
1421,1430,1
1438,1434,1
1431,1433,1
1437,1438,1
1439,1440,1
1434,1432,1
1439,1431,1
1431,1436,1
1449,1443,1
1447,1444,1
1450,1443,1
1445,1443,1
1442,1443,1
1442,1446,1
1448,1445,1
1451,1457,1
1457,1460,1
1458,1454,1
1455,1451,1
1460,1453,1
1455,1453,1
1458,1453,1
1462,1464,1
1469,1463,1
1469,1461,1
1465,1461,1
1464,1462,1
1469,1470,1
1470,1466,1
1471,1472,1
1471,1474,1
1479,1471,1
1479,1474,1
1471,1478,1
1476,1471,1
1475,1480,1
1483,1487,1
1483,1490,1
1481,1484,1
1488,1483,1
1483,1486,1
1489,1490,1
1485,1489,1
1491,1497,1
1494,1493,1
1495,1498,1
1497,1496,1
1495,1492,1
1496,1493,1
1494,1491,1
1503,1501,1
1503,1502,1
1508,1509,1
1507,1501,1
1502,1506,1
1502,1507,1
1504,1505,1
1514,1516,1
1518,1517,1
1511,1519,1
1511,1516,1
1511,1518,1
1516,1514,1
1515,1518,1
1527,1526,1
1523,1524,1
1523,1528,1
1530,1523,1
1522,1521,1
1526,1530,1
1530,1529,1
1539,1531,1
1540,1538,1
1534,1539,1
1540,1535,1
1538,1540,1
1537,1534,1
1535,1534,1
1547,1546,1
1548,1545,1
1546,1542,1
1544,1542,1
1548,1543,1
1546,1541,1
1541,1545,1
1560,1557,1
1558,1556,1
1557,1553,1
1558,1553,1
1551,1556,1
1555,1558,1
1554,1560,1
1564,1569,1
1564,1567,1
1570,1561,1
1567,1568,1
1570,1566,1
1566,1562,1
1568,1565,1
1580,1571,1
1575,1573,1
1577,1571,1
1576,1571,1
1575,1576,1
1575,1572,1
1574,1578,1
1587,1583,1
1581,1583,1
1583,1581,1
1583,1589,1
1582,1585,1
1586,1588,1
1590,1588,1
1595,1591,1
1598,1596,1
1599,1600,1
1598,1599,1
1596,1595,1
1596,1594,1
1598,1600,1
1608,1604,1
1607,1603,1
1610,1605,1
1606,1603,1
1604,1609,1
1610,1608,1
1610,1607,1
1613,1617,1
1615,1617,1
1617,1620,1
1617,1618,1
1618,1619,1
1615,1613,1
1613,1614,1
1625,1626,1
1621,1629,1
1629,1621,1
1624,1626,1
1627,1630,1
1625,1628,1
1630,1622,1
1640,1639,1
1637,1634,1
1640,1635,1
1638,1631,1
1632,1636,1
1638,1635,1
1634,1635,1
1650,1647,1
1649,1647,1
1649,1641,1
1642,1641,1
1646,1650,1
1643,1650,1
1643,1648,1
1660,1653,1
1657,1656,1
1655,1660,1
1651,1660,1
1658,1659,1
1660,1651,1
1653,1656,1
1670,1663,1
1662,1666,1
1662,1665,1
1670,1668,1
1665,1670,1
1667,1665,1
1663,1662,1
1676,1673,1
1672,1679,1
1677,1676,1
1678,1680,1
1674,1679,1
1675,1674,1
1680,1676,1
1688,1683,1
1686,1684,1
1687,1688,1
1687,1685,1
1685,1684,1
1690,1681,1
1688,1686,1
1694,1697,1
1695,1700,1
1698,1700,1
1699,1700,1
1699,1691,1
1696,1699,1
1699,1692,1
1710,1708,1
1710,1707,1
1704,1707,1
1704,1708,1
1702,1707,1
1710,1704,1
1702,1704,1
1713,1718,1
1718,1713,1
1718,1720,1
1711,1716,1
1718,1712,1
1719,1716,1
1720,1717,1
1724,1727,1
1722,1726,1
1721,1722,1
1726,1723,1
1726,1722,1
1723,1727,1
1727,1726,1
1737,1733,1
1736,1734,1
1731,1738,1
1739,1734,1
1739,1733,1
1735,1736,1
1739,1731,1
1742,1750,1
1746,1744,1
1742,1745,1
1749,1742,1
1741,1743,1
1742,1749,1
1746,1749,1
1755,1756,1
1756,1759,1
1760,1757,1
1752,1756,1
1754,1753,1
1751,1756,1
1752,1759,1
1767,1769,1
1768,1769,1
1769,1767,1
1765,1761,1
1764,1767,1
1769,1770,1
1770,1767,1
1771,1776,1
1774,1772,1
1780,1772,1
1772,1779,1
1773,1775,1
1780,1777,1
1779,1777,1
1788,1783,1
1787,1782,1
1786,1783,1
1787,1790,1
1783,1788,1
1784,1787,1
1789,1786,1
1799,1797,1
1799,1793,1
1799,1792,1
1794,1800,1
1794,1796,1
1792,1797,1
1791,1798,1
1810,1807,1
1804,1805,1
1801,1808,1
1801,1805,1
1810,1803,1
1810,1802,1
1805,1801,1
1813,1811,1
1811,1812,1
1812,1820,1
1813,1816,1
1811,1817,1
1820,1811,1
1812,1814,1
1822,1824,1
1821,1830,1
1827,1830,1
1827,1821,1
1824,1826,1
1829,1824,1
1827,1822,1
1833,1836,1
1838,1840,1
1835,1840,1
1833,1835,1
1833,1839,1
1835,1839,1
1837,1834,1
1849,1848,1
1846,1844,1
1841,1842,1
1842,1847,1
1849,1850,1
1845,1846,1
1843,1848,1
1852,1857,1
1851,1857,1
1857,1856,1
1852,1855,1
1858,1856,1
1860,1851,1
1851,1854,1
1866,1869,1
1866,1863,1
1867,1862,1
1862,1863,1
1865,1870,1
1862,1867,1
1868,1869,1
1871,1879,1
1873,1874,1
1877,1878,1
1874,1876,1
1879,1871,1
1877,1871,1
1875,1873,1
1888,1883,1
1885,1882,1
1883,1890,1
1888,1887,1
1882,1887,1
1886,1882,1
1886,1883,1
1900,1892,1
1896,1895,1
1897,1899,1
1896,1893,1
1894,1897,1
1897,1896,1
1899,1896,1
1905,1907,1
1910,1904,1
1907,1903,1
1906,1905,1
1909,1908,1
1907,1909,1
1904,1901,1
1917,1920,1
1920,1913,1
1913,1911,1
1918,1917,1
1917,1913,1
1916,1919,1
1915,1912,1
1929,1927,1
1922,1930,1
1929,1923,1
1925,1930,1
1923,1921,1
1924,1928,1
1924,1926,1
1938,1931,1
1936,1932,1
1937,1936,1
1940,1937,1
1936,1940,1
1939,1934,1
1936,1934,1
1948,1947,1
1949,1948,1
1947,1942,1
1948,1945,1
1947,1948,1
1944,1945,1
1950,1941,1
1959,1952,1
1954,1959,1
1955,1954,1
1957,1954,1
1953,1954,1
1951,1952,1
1957,1956,1
1967,1962,1
1963,1968,1
1963,1966,1
1970,1967,1
1961,1963,1
1969,1963,1
1963,1964,1
1978,1976,1
1977,1978,1
1977,1974,1
1979,1971,1
1979,1977,1
1971,1978,1
1979,1976,1
1985,1990,1
1987,1981,1
1986,1984,1
1982,1990,1
1985,1987,1
1988,1987,1
1990,1987,1
1998,1999,1
1997,1994,1
1996,1999,1
1994,1998,1
1994,1993,1
1991,1997,1
1993,1996,1
2010,2001,1
2009,2002,1
2002,2010,1
2003,2007,1
2008,2009,1
2002,2008,1
2008,2001,1
2014,2012,1
2016,2014,1
2014,2016,1
2016,2011,1
2016,2012,1
2013,2017,1
2019,2017,1
2030,2023,1
2021,2030,1
2026,2022,1
2025,2027,1
2025,2028,1
2022,2023,1
2021,2023,1
2038,2035,1
2039,2031,1
2031,2032,1
2040,2036,1
2034,2035,1
2037,2033,1
2036,2037,1
2041,2047,1
2047,2041,1
2044,2050,1
2047,2048,1
2043,2044,1
2044,2048,1
2049,2043,1
2054,2053,1
2056,2052,1
2057,2053,1
2055,2057,1
2060,2055,1
2055,2051,1
2051,2052,1
2069,2065,1
2063,2067,1
2066,2063,1
2069,2061,1
2062,2063,1
2066,2067,1
2064,2067,1
2079,2072,1
2074,2072,1
2080,2071,1
2075,2071,1
2078,2071,1
2075,2072,1
2073,2075,1
2087,2089,1
2087,2085,1
2085,2082,1
2086,2082,1
2087,2084,1
2089,2085,1
2089,2084,1
2094,2093,1
2093,2100,1
2097,2093,1
2096,2091,1
2095,2098,1
2094,2095,1
2094,2099,1
2105,2103,1
2104,2109,1
2110,2107,1
2110,2108,1
2110,2103,1
2107,2102,1
2103,2101,1
2115,2118,1
2111,2116,1
2116,2112,1
2118,2117,1
2116,2117,1
2120,2112,1
2112,2116,1
2122,2127,1
2130,2123,1
2123,2130,1
2121,2126,1
2130,2125,1
2121,2122,1
2124,2122,1
2132,2133,1
2135,2139,1
2139,2140,1
2140,2131,1
2133,2140,1
2133,2139,1
2131,2137,1
2150,2144,1
2145,2143,1
2143,2142,1
2145,2142,1
2143,2141,1
2149,2146,1
2142,2143,1
2155,2156,1
2153,2151,1
2151,2159,1
2154,2152,1
2158,2157,1
2158,2151,1
2154,2151,1
2161,2167,1
2163,2170,1
2170,2165,1
2168,2165,1
2164,2162,1
2165,2168,1
2168,2162,1
2180,2177,1
2177,2173,1
2173,2171,1
2173,2174,1
2176,2180,1
2176,2179,1
2174,2172,1
2181,2184,1
2190,2185,1
2189,2184,1
2184,2185,1
2184,2183,1
2190,2188,1
2184,2187,1
2195,2200,1
2191,2197,1
2200,2197,1
2191,2193,1
2196,2192,1
2191,2194,1
2192,2193,1
2204,2202,1
2202,2207,1
2202,2204,1
2206,2208,1
2202,2210,1
2204,2209,1
2201,2207,1
2216,2218,1
2214,2211,1
2218,2220,1
2215,2213,1
2211,2220,1
2212,2211,1
2218,2219,1
2226,2224,1
2230,2222,1
2228,2225,1
2225,2230,1
2228,2222,1
2224,2229,1
2221,2227,1
2236,2237,1
2236,2238,1
2232,2238,1
2240,2235,1
2239,2232,1
2232,2240,1
2237,2233,1
2241,2244,1
2241,2247,1
2248,2250,1
2247,2241,1
2243,2245,1
2247,2246,1
2242,2241,1
2253,2259,1
2259,2252,1
2260,2258,1
2253,2252,1
2256,2259,1
2252,2259,1
2258,2259,1
2263,2270,1
2263,2268,1
2269,2268,1
2265,2263,1
2264,2265,1
2263,2269,1
2269,2267,1
2274,2278,1
2271,2278,1
2275,2274,1
2275,2279,1
2279,2272,1
2276,2275,1
2280,2279,1
2286,2290,1
2284,2287,1
2290,2285,1
2287,2286,1
2283,2288,1
2287,2284,1
2282,2283,1
2299,2291,1
2294,2293,1
2298,2291,1
2298,2297,1
2296,2300,1
2299,2294,1
2299,2300,1
2301,2302,1
2306,2302,1
2306,2304,1
2306,2310,1
2306,2308,1
2302,2304,1
2304,2301,1
2312,2311,1
2317,2314,1
2318,2313,1
2317,2313,1
2311,2317,1
2316,2318,1
2319,2318,1
2321,2326,1
2329,2330,1
2329,2328,1
2325,2326,1
2321,2324,1
2328,2325,1
2324,2325,1
2334,2339,1
2337,2331,1
2339,2340,1
2336,2331,1
2333,2332,1
2333,2331,1
2336,2333,1
2346,2341,1
2341,2342,1
2350,2346,1
2346,2350,1
2346,2347,1
2343,2348,1
2345,2341,1
2358,2360,1
2352,2353,1
2360,2354,1
2351,2353,1
2354,2352,1
2356,2355,1
2357,2351,1
2363,2367,1
2364,2362,1
2367,2365,1
2365,2366,1
2368,2362,1
2366,2368,1
2362,2370,1
2375,2373,1
2375,2371,1
2375,2376,1
2377,2376,1
2377,2380,1
2378,2372,1
2372,2379,1
2389,2383,1
2388,2386,1
2390,2388,1
2384,2389,1
2385,2390,1
2381,2388,1
2384,2383,1
2395,2393,1
2393,2392,1
2393,2391,1
2400,2398,1
2397,2391,1
2399,2398,1
2400,2395,1
2405,2408,1
2403,2405,1
2404,2408,1
2407,2401,1
2408,2406,1
2409,2408,1
2410,2408,1
2419,2418,1
2417,2419,1
2420,2415,1
2414,2412,1
2417,2412,1
2420,2411,1
2411,2415,1
2425,2428,1
2421,2430,1
2429,2427,1
2424,2421,1
2429,2422,1
2422,2424,1
2421,2424,1
2439,2435,1
2435,2439,1
2438,2435,1
2431,2433,1
2434,2438,1
2435,2438,1
2434,2436,1
2450,2449,1
2450,2446,1
2445,2443,1
2450,2444,1
2449,2441,1
2447,2450,1
2441,2444,1
2458,2451,1
2454,2458,1
2457,2459,1
2455,2454,1
2460,2451,1
2460,2457,1
2452,2459,1
2465,2470,1
2463,2468,1
2463,2466,1
2468,2466,1
2463,2469,1
2463,2464,1
2470,2462,1
2475,2476,1
2471,2477,1
2476,2473,1
2480,2478,1
2472,2480,1
2479,2478,1
2474,2480,1
2487,2490,1
2485,2486,1
2487,2489,1
2486,2484,1
2486,2481,1
2490,2482,1
2490,2483,1
2497,2500,1
2492,2496,1
2494,2493,1
2492,2497,1
2499,2496,1
2499,2493,1
2500,2493,1
2505,2506,1
2510,2507,1
2508,2503,1
2504,2510,1
2509,2507,1
2509,2505,1
2505,2503,1
2516,2517,1
2520,2519,1
2514,2516,1
2512,2519,1
2519,2511,1
2516,2518,1
2512,2515,1
2527,2530,1
2521,2530,1
2530,2526,1
2527,2524,1
2529,2528,1
2528,2521,1
2524,2526,1
2538,2539,1
2531,2533,1
2539,2534,1
2538,2537,1
2540,2533,1
2533,2534,1
2540,2538,1
2545,2541,1
2543,2550,1
2550,2543,1
2545,2547,1
2541,2550,1
2544,2550,1
2544,2543,1
2558,2559,1
2558,2560,1
2551,2560,1
2560,2554,1
2554,2555,1
2560,2552,1
2551,2555,1
2563,2562,1
2561,2569,1
2570,2566,1
2568,2565,1
2562,2570,1
2564,2562,1
2570,2564,1
2571,2572,1
2572,2577,1
2575,2574,1
2573,2576,1
2573,2580,1
2579,2577,1
2571,2578,1
2582,2583,1
2581,2589,1
2590,2585,1
2590,2584,1
2589,2584,1
2587,2590,1
2581,2587,1
2596,2599,1
2598,2599,1
2594,2591,1
2597,2594,1
2597,2599,1
2598,2595,1
2599,2591,1
2604,2602,1
2609,2610,1
2607,2608,1
2604,2609,1
2603,2608,1
2601,2610,1
2606,2608,1
2614,2617,1
2619,2617,1
2615,2612,1
2611,2616,1
2613,2616,1
2614,2618,1
2612,2617,1
2623,2626,1
2624,2622,1
2629,2622,1
2627,2624,1
2623,2622,1
2627,2629,1
2628,2630,1
2638,2633,1
2635,2638,1
2631,2633,1
2639,2638,1
2637,2638,1
2639,2634,1
2637,2633,1
2642,2644,1
2648,2644,1
2644,2642,1
2647,2649,1
2645,2641,1
2650,2644,1
2647,2648,1
2656,2655,1
2658,2659,1
2654,2653,1
2654,2658,1
2652,2656,1
2660,2652,1
2656,2658,1
2664,2665,1
2662,2666,1
2669,2664,1
2670,2665,1
2666,2668,1
2664,2667,1
2663,2664,1
2675,2671,1
2673,2672,1
2673,2675,1
2673,2674,1
2680,2672,1
2671,2675,1
2674,2675,1
2684,2686,1
2684,2688,1
2684,2685,1
2682,2684,1
2688,2690,1
2687,2684,1
2687,2682,1
2697,2692,1
2692,2699,1
2694,2693,1
2699,2697,1
2694,2699,1
2692,2691,1
2699,2696,1
2710,2707,1
2705,2704,1
2702,2703,1
2706,2704,1
2701,2710,1
2704,2707,1
2707,2710,1
2715,2711,1
2720,2716,1
2718,2719,1
2713,2711,1
2719,2712,1
2711,2719,1
2715,2718,1
2722,2721,1
2725,2730,1
2725,2724,1
2727,2728,1
2730,2725,1
2727,2726,1
2723,2721,1
2731,2738,1
2733,2740,1
2738,2736,1
2736,2733,1
2732,2731,1
2733,2737,1
2734,2738,1
2744,2741,1
2746,2742,1
2741,2744,1
2746,2743,1
2741,2746,1
2746,2741,1
2743,2750,1
2757,2758,1
2755,2753,1
2757,2752,1
2757,2756,1
2753,2754,1
2756,2754,1
2754,2760,1
2766,2765,1
2763,2769,1
2770,2767,1
2770,2766,1
2762,2764,1
2762,2761,1
2763,2761,1
2775,2780,1
2772,2774,1
2777,2779,1
2774,2777,1
2780,2779,1
2773,2777,1
2775,2774,1
2786,2782,1
2785,2784,1
2786,2781,1
2789,2781,1
2783,2787,1
2790,2788,1
2784,2783,1
2798,2797,1
2797,2795,1
2794,2795,1
2795,2796,1
2793,2800,1
2794,2793,1
2796,2798,1
2804,2803,1
2804,2805,1
2802,2804,1
2802,2809,1
2804,2810,1
2802,2807,1
2805,2810,1
2817,2811,1
2817,2818,1
2820,2818,1
2813,2816,1
2814,2819,1
2816,2814,1
2811,2815,1
2825,2830,1
2825,2826,1
2823,2825,1
2826,2824,1
2822,2821,1
2824,2823,1
2821,2823,1
2840,2831,1
2838,2835,1
2839,2837,1
2837,2831,1
2840,2835,1
2831,2839,1
2836,2838,1
2850,2847,1
2848,2841,1
2841,2849,1
2846,2849,1
2842,2847,1
2847,2848,1
2845,2849,1
2860,2854,1
2854,2860,1
2857,2859,1
2859,2855,1
2852,2853,1
2857,2856,1
2852,2856,1
2862,2870,1
2861,2867,1
2867,2864,1
2867,2863,1
2870,2867,1
2866,2865,1
2861,2866,1
2873,2876,1
2880,2878,1
2874,2875,1
2875,2880,1
2878,2873,1
2880,2875,1
2871,2880,1
2888,2883,1
2890,2887,1
2884,2887,1
2883,2886,1
2887,2881,1
2885,2890,1
2886,2889,1
2892,2893,1
2892,2891,1
2897,2891,1
2897,2896,1
2892,2896,1
2894,2893,1
2900,2897,1
2909,2910,1
2903,2901,1
2904,2903,1
2907,2903,1
2908,2910,1
2909,2901,1
2902,2904,1
2919,2920,1
2920,2911,1
2913,2918,1
2918,2912,1
2916,2918,1
2920,2913,1
2919,2913,1
2926,2924,1
2928,2929,1
2925,2930,1
2922,2928,1
2921,2923,1
2924,2926,1
2925,2924,1
2935,2936,1
2938,2935,1
2932,2938,1
2936,2937,1
2939,2932,1
2938,2936,1
2937,2938,1
2944,2950,1
2946,2944,1
2947,2944,1
2949,2942,1
2947,2946,1
2941,2942,1
2945,2943,1
2954,2956,1
2952,2955,1
2957,2954,1
2952,2960,1
2957,2956,1
2955,2960,1
2958,2960,1
2961,2969,1
2968,2961,1
2963,2966,1
2965,2969,1
2968,2970,1
2964,2961,1
2965,2964,1
2976,2973,1
2974,2971,1
2979,2977,1
2972,2977,1
2977,2973,1
2971,2978,1
2972,2980,1
2984,2988,1
2986,2981,1
2983,2986,1
2986,2987,1
2984,2985,1
2985,2990,1
2985,2983,1
2994,2998,1
2992,3000,1
2992,2997,1
2996,2998,1
2993,2998,1
2994,2993,1
2998,2999,1
3008,3007,1
3004,3009,1
3004,3002,1
3007,3004,1
3009,3007,1
3003,3007,1
3007,3005,1
3015,3014,1
3011,3015,1
3017,3015,1
3020,3011,1
3020,3019,1
3016,3020,1
3012,3013,1
3028,3022,1
3024,3030,1
3023,3026,1
3025,3029,1
3030,3026,1
3021,3024,1
3026,3021,1
3032,3034,1
3034,3036,1
3035,3033,1
3031,3038,1
3033,3039,1
3039,3032,1
3039,3038,1
3042,3046,1
3045,3049,1
3043,3047,1
3046,3043,1
3046,3048,1
3045,3048,1
3045,3044,1
3054,3053,1
3052,3060,1
3059,3056,1
3051,3054,1
3055,3052,1
3055,3058,1
3054,3051,1
3067,3062,1
3070,3065,1
3061,3062,1
3063,3067,1
3064,3062,1
3065,3069,1
3063,3068,1
3072,3073,1
3072,3074,1
3074,3077,1
3078,3074,1
3075,3079,1
3080,3073,1
3072,3076,1
3090,3081,1
3084,3081,1
3083,3085,1
3082,3085,1
3086,3088,1
3084,3088,1
3085,3089,1
3100,3092,1
3094,3095,1
3093,3094,1
3100,3096,1
3094,3091,1
3095,3093,1
3096,3100,1
3101,3104,1
3104,3103,1
3106,3105,1
3101,3107,1
3103,3106,1
3109,3101,1
3101,3110,1
3111,3112,1
3111,3120,1
3117,3111,1
3116,3118,1
3117,3118,1
3119,3115,1
3120,3119,1
3125,3123,1
3121,3126,1
3130,3129,1
3127,3125,1
3126,3121,1
3126,3130,1
3121,3129,1
3140,3132,1
3140,3134,1
3138,3140,1
3137,3139,1
3140,3133,1
3131,3134,1
3135,3133,1
3144,3148,1
3148,3142,1
3147,3141,1
3145,3146,1
3150,3149,1
3145,3144,1
3142,3143,1
3151,3153,1
3153,3156,1
3151,3160,1
3152,3151,1
3159,3160,1
3156,3158,1
3152,3154,1
3167,3163,1
3162,3161,1
3164,3168,1
3170,3166,1
3165,3164,1
3169,3163,1
3162,3166,1
3174,3179,1
3173,3177,1
3178,3175,1
3176,3171,1
3180,3178,1
3172,3178,1
3171,3174,1
3186,3190,1
3189,3185,1
3186,3184,1
3188,3182,1
3187,3188,1
3190,3189,1
3189,3182,1
3195,3192,1
3194,3191,1
3199,3192,1
3198,3191,1
3196,3194,1
3198,3196,1
3197,3192,1
3203,3202,1
3204,3201,1
3202,3201,1
3201,3210,1
3206,3210,1
3208,3209,1
3205,3206,1
3215,3212,1
3213,3214,1
3220,3214,1
3211,3217,1
3220,3219,1
3211,3216,1
3219,3220,1
3229,3221,1
3224,3227,1
3223,3226,1
3230,3221,1
3223,3229,1
3222,3221,1
3226,3228,1
3240,3235,1
3240,3231,1
3235,3234,1
3236,3235,1
3235,3233,1
3237,3236,1
3232,3239,1
3241,3247,1
3250,3241,1
3243,3250,1
3248,3242,1
3250,3242,1
3242,3248,1
3244,3241,1
3258,3253,1
3260,3258,1
3252,3255,1
3254,3256,1
3256,3251,1
3260,3253,1
3256,3258,1
3270,3267,1
3268,3263,1
3265,3266,1
3263,3269,1
3265,3264,1
3269,3263,1
3268,3265,1
3273,3278,1
3275,3276,1
3272,3278,1
3277,3275,1
3279,3273,1
3277,3272,1
3274,3278,1
3289,3288,1
3287,3281,1
3281,3286,1
3281,3282,1
3286,3281,1
3283,3287,1
3282,3285,1
3298,3296,1
3291,3296,1
3299,3291,1
3292,3295,1
3299,3300,1
3299,3293,1
3298,3292,1
3303,3301,1
3303,3305,1
3302,3305,1
3301,3309,1
3307,3310,1
3302,3307,1
3304,3306,1
3319,3320,1
3314,3320,1
3311,3313,1
3318,3319,1
3318,3314,1
3317,3314,1
3313,3316,1
3329,3328,1
3324,3321,1
3322,3327,1
3328,3329,1
3329,3330,1
3328,3327,1
3324,3327,1
3331,3333,1
3334,3338,1
3332,3331,1
3332,3336,1
3332,3335,1
3338,3333,1
3336,3332,1
3343,3345,1
3343,3342,1
3342,3347,1
3348,3345,1
3350,3345,1
3350,3348,1
3348,3344,1
3353,3360,1
3357,3351,1
3360,3358,1
3351,3355,1
3356,3360,1
3356,3354,1
3359,3354,1
3363,3364,1
3362,3365,1
3368,3367,1
3366,3365,1
3370,3367,1
3369,3365,1
3363,3368,1
3372,3379,1
3376,3371,1
3377,3372,1
3379,3373,1
3378,3371,1
3376,3372,1
3373,3372,1
3386,3390,1
3387,3381,1
3386,3385,1
3384,3385,1
3381,3389,1
3386,3382,1
3387,3385,1
3398,3400,1
3399,3400,1
3395,3393,1
3395,3392,1
3395,3398,1
3398,3391,1
3397,3393,1
3408,3403,1
3405,3404,1
3403,3405,1
3405,3408,1
3410,3408,1
3404,3407,1
3403,3401,1
3416,3418,1
3416,3413,1
3412,3417,1
3411,3418,1
3419,3415,1
3412,3416,1
3412,3411,1
3423,3429,1
3429,3424,1
3425,3422,1
3422,3425,1
3427,3429,1
3423,3421,1
3430,3426,1
3438,3440,1
3439,3435,1
3439,3432,1
3432,3437,1
3432,3436,1
3437,3436,1
3436,3431,1
3446,3447,1
3447,3444,1
3449,3445,1
3441,3450,1
3446,3450,1
3447,3446,1
3442,3448,1
3451,3459,1
3451,3456,1
3454,3452,1
3460,3456,1
3459,3458,1
3453,3457,1
3457,3452,1
3464,3465,1
3463,3464,1
3461,3464,1
3464,3468,1
3463,3461,1
3465,3462,1
3469,3467,1
3472,3476,1
3480,3475,1
3475,3473,1
3473,3478,1
3471,3475,1
3473,3471,1
3479,3471,1
3482,3488,1
3484,3489,1
3489,3490,1
3483,3490,1
3486,3484,1
3488,3490,1
3488,3485,1
3498,3494,1
3499,3493,1
3500,3498,1
3494,3497,1
3494,3493,1
3492,3496,1
3496,3491,1
7,448,0
6,470,0
4,90,0
3,390,0
5,405,0
8,41,0
1,352,0
15,240,0
17,350,0
11,372,0
12,380,0
18,69,0
19,154,0
17,92,0
26,204,0
25,219,0
22,408,0
26,476,0
24,335,0
24,459,0
26,466,0
34,18,0
31,272,0
40,238,0
33,151,0
32,42,0
31,225,0
35,213,0
43,24,0
44,262,0
43,201,0
44,355,0
45,233,0
46,65,0
48,414,0
59,363,0
58,279,0
55,222,0
53,461,0
55,142,0
57,282,0
57,443,0
65,363,0
62,25,0
65,145,0
64,275,0
70,393,0
67,188,0
68,350,0
74,253,0
73,115,0
80,233,0
78,418,0
73,295,0
80,304,0
72,142,0
87,258,0
86,4,0
82,267,0
86,41,0
83,409,0
86,307,0
81,63,0
100,276,0
100,304,0
94,371,0
94,26,0
95,277,0
100,483,0
98,133,0
109,11,0
101,344,0
110,209,0
105,436,0
105,318,0
102,274,0
101,117,0
114,409,0
113,57,0
117,339,0
117,93,0
112,296,0
114,158,0
120,125,0
123,462,0
128,265,0
130,493,0
125,238,0
121,292,0
124,267,0
126,478,0
133,257,0
131,393,0
139,441,0
132,93,0
138,9,0
137,498,0
137,262,0
148,272,0
148,471,0
149,413,0
142,168,0
144,154,0
145,32,0
144,235,0
155,292,0
153,402,0
153,171,0
152,51,0
159,333,0
159,363,0
154,362,0
167,7,0
168,75,0
170,426,0
165,257,0
164,421,0
167,103,0
163,30,0
174,122,0
178,262,0
174,57,0
171,7,0
175,206,0
178,3,0
172,308,0
187,328,0
183,135,0
185,241,0
181,204,0
184,390,0
181,472,0
186,202,0
200,407,0
195,446,0
191,34,0
197,23,0
191,490,0
197,493,0
198,54,0
210,77,0
208,195,0
207,247,0
206,427,0
203,189,0
204,300,0
206,96,0
218,42,0
211,7,0
212,155,0
214,19,0
220,168,0
211,318,0
218,440,0
226,306,0
229,84,0
226,380,0
226,472,0
222,420,0
227,74,0
224,356,0
238,425,0
231,452,0
233,331,0
238,247,0
240,88,0
238,139,0
234,269,0
247,191,0
246,44,0
250,125,0
244,316,0
243,238,0
249,190,0
246,157,0
253,241,0
259,154,0
256,492,0
253,188,0
258,223,0
257,400,0
256,99,0
269,140,0
263,140,0
263,81,0
269,294,0
270,454,0
261,322,0
263,406,0
272,160,0
277,211,0
273,401,0
271,146,0
280,318,0
277,329,0
276,21,0
287,12,0
287,126,0
283,277,0
287,348,0
281,320,0
286,82,0
287,243,0
294,84,0
300,238,0
293,23,0
295,247,0
291,265,0
291,400,0
293,129,0
306,131,0
302,107,0
304,459,0
303,18,0
303,446,0
303,351,0
301,467,0
318,100,0
313,41,0
316,285,0
320,379,0
318,231,0
313,67,0
315,456,0
324,291,0
330,421,0
330,227,0
325,412,0
327,422,0
322,413,0
326,317,0
340,282,0
338,88,0
332,45,0
331,438,0
335,167,0
336,254,0
333,462,0
341,369,0
342,483,0
345,143,0
350,23,0
350,493,0
343,45,0
349,354,0
360,253,0
352,277,0
357,498,0
355,277,0
352,252,0
359,293,0
351,126,0
364,279,0
363,301,0
370,1,0
364,125,0
364,244,0
370,283,0
369,403,0
376,312,0
376,151,0
377,43,0
377,351,0
375,426,0
371,211,0
373,333,0
390,148,0
389,373,0
390,2,0
389,105,0
389,177,0
389,436,0
389,171,0
396,80,0
396,79,0
397,484,0
397,360,0
391,32,0
397,106,0
400,209,0
406,289,0
402,81,0
403,200,0
408,437,0
401,28,0
403,387,0
405,150,0
412,291,0
415,161,0
413,255,0
420,296,0
413,397,0
418,330,0
416,243,0
425,332,0
425,14,0
423,4,0
428,314,0
426,305,0
421,43,0
427,17,0
438,384,0
432,26,0
437,415,0
440,155,0
432,182,0
433,28,0
439,278,0
442,58,0
442,412,0
450,296,0
447,27,0
441,180,0
445,171,0
444,131,0
452,295,0
457,107,0
454,14,0
452,37,0
458,359,0
457,484,0
452,55,0
470,3,0
467,44,0
463,129,0
470,307,0
468,317,0
466,341,0
461,298,0
474,297,0
477,368,0
478,174,0
477,362,0
476,136,0
477,215,0
478,454,0
487,181,0
486,243,0
486,94,0
482,104,0
482,377,0
490,94,0
484,26,0
496,408,0
495,475,0
497,360,0
492,44,0
492,180,0
498,226,0
493,215,0
505,919,0
509,948,0
507,545,0
505,739,0
503,868,0
504,885,0
505,882,0
514,509,0
520,811,0
513,729,0
520,921,0
519,593,0
518,729,0
516,849,0
525,774,0
527,980,0
530,622,0
521,569,0
527,714,0
522,802,0
530,833,0
539,828,0
536,814,0
536,606,0
532,963,0
539,689,0
540,649,0
531,781,0
544,777,0
545,572,0
543,786,0
544,818,0
550,520,0
543,757,0
542,536,0
554,593,0
555,947,0
552,503,0
558,598,0
552,585,0
560,970,0
557,847,0
568,849,0
568,629,0
567,777,0
570,546,0
568,761,0
561,628,0
565,660,0
577,651,0
579,698,0
579,801,0
574,807,0
579,617,0
572,670,0
572,906,0
590,709,0
583,917,0
590,740,0
589,821,0
589,911,0
584,844,0
581,685,0
591,940,0
600,727,0
593,757,0
598,690,0
600,580,0
592,814,0
593,836,0
603,570,0
601,565,0
601,518,0
601,588,0
604,522,0
601,944,0
609,780,0
619,935,0
614,860,0
615,950,0
617,701,0
619,852,0
617,681,0
618,628,0
622,730,0
625,554,0
628,878,0
623,949,0
627,502,0
624,568,0
630,866,0
638,777,0
638,599,0
638,884,0
639,563,0
635,811,0
636,950,0
637,822,0
643,785,0
650,619,0
641,763,0
644,824,0
650,505,0
647,804,0
644,656,0
658,984,0
652,977,0
652,924,0
651,679,0
652,567,0
654,783,0
660,686,0
668,608,0
670,902,0
667,548,0
665,767,0
665,763,0
668,653,0
668,658,0
672,758,0
673,924,0
674,846,0
679,944,0
678,595,0
673,655,0
675,634,0
683,626,0
682,896,0
685,695,0
689,712,0
687,514,0
688,592,0
690,964,0
697,527,0
693,935,0
693,533,0
697,847,0
698,753,0
693,945,0
699,798,0
705,561,0
710,564,0
710,973,0
704,822,0
710,645,0
704,780,0
704,881,0
713,644,0
718,994,0
711,729,0
715,767,0
716,933,0
719,973,0
720,840,0
729,985,0
723,753,0
724,894,0
725,864,0
730,971,0
722,502,0
721,924,0
737,877,0
737,812,0
740,709,0
738,651,0
738,559,0
734,667,0
735,755,0
746,589,0
745,566,0
741,697,0
746,640,0
746,980,0
746,768,0
744,581,0
759,786,0
753,577,0
757,726,0
754,945,0
757,584,0
758,841,0
754,581,0
766,905,0
763,917,0
770,868,0
770,691,0
768,576,0
764,686,0
768,876,0
772,645,0
778,740,0
772,813,0
777,875,0
778,733,0
773,918,0
776,630,0
782,830,0
787,504,0
783,563,0
790,884,0
784,538,0
786,837,0
783,647,0
794,503,0
799,585,0
799,855,0
800,864,0
794,784,0
794,558,0
796,641,0
802,504,0
804,620,0
809,638,0
805,774,0
802,554,0
802,850,0
801,712,0
816,580,0
819,604,0
811,982,0
814,599,0
819,517,0
815,617,0
812,788,0
824,966,0
823,661,0
821,533,0
825,591,0
830,916,0
822,931,0
821,856,0
836,635,0
837,769,0
831,889,0
832,555,0
834,882,0
838,559,0
839,559,0
847,975,0
847,862,0
843,649,0
845,758,0
844,521,0
841,746,0
844,913,0
858,726,0
851,633,0
857,969,0
855,546,0
853,511,0
851,506,0
852,905,0
868,769,0
863,760,0
870,797,0
861,508,0
869,623,0
869,978,0
868,607,0
880,748,0
875,653,0
876,627,0
873,504,0
877,971,0
873,575,0
875,584,0
885,676,0
884,595,0
881,584,0
885,812,0
888,692,0
885,821,0
888,919,0
899,525,0
899,962,0
898,964,0
896,554,0
893,939,0
895,551,0
892,962,0
906,916,0
910,856,0
908,859,0
902,758,0
907,649,0
903,625,0
909,531,0
913,726,0
915,953,0
914,932,0
919,876,0
915,561,0
915,564,0
911,703,0
930,648,0
926,571,0
923,862,0
926,670,0
928,528,0
928,506,0
922,668,0
935,796,0
933,973,0
939,561,0
932,673,0
937,854,0
932,832,0
931,999,0
950,510,0
942,697,0
949,582,0
946,867,0
946,998,0
948,955,0
945,725,0
953,751,0
958,935,0
952,663,0
960,721,0
957,928,0
958,734,0
953,989,0
964,545,0
970,572,0
964,549,0
967,703,0
964,771,0
970,693,0
968,577,0
973,677,0
975,939,0
975,759,0
976,935,0
980,946,0
975,534,0
972,970,0
982,535,0
990,780,0
981,868,0
984,541,0
990,918,0
982,725,0
985,620,0
998,765,0
993,531,0
999,860,0
995,966,0
996,532,0
997,964,0
996,697,0
1002,1290,0
1007,1448,0
1008,1363,0
1006,1211,0
1008,1428,0
1010,1396,0
1008,1151,0
1012,1035,0
1015,1215,0
1013,1035,0
1018,1390,0
1012,1237,0
1017,1073,0
1018,1290,0
1025,1135,0
1029,1295,0
1030,1266,0
1026,1409,0
1029,1397,0
1027,1240,0
1026,1016,0
1035,1145,0
1038,1215,0
1034,1209,0
1039,1135,0
1040,1082,0
1035,1138,0
1037,1100,0
1046,1054,0
1047,1429,0
1042,1427,0
1050,1409,0
1045,1233,0
1050,1391,0
1041,1035,0
1052,1487,0
1053,1457,0
1052,1325,0
1051,1182,0
1053,1199,0
1058,1339,0
1053,1246,0
1063,1410,0
1064,1433,0
1070,1264,0
1070,1115,0
1061,1315,0
1065,1218,0
1069,1195,0
1071,1471,0
1071,1487,0
1076,1065,0
1073,1358,0
1079,1082,0
1076,1165,0
1080,1048,0
1081,1328,0
1082,1106,0
1086,1413,0
1086,1063,0
1081,1143,0
1089,1213,0
1090,1231,0
1092,1425,0
1092,1285,0
1095,1483,0
1094,1108,0
1095,1393,0
1092,1228,0
1097,1265,0
1103,1089,0
1105,1141,0
1109,1291,0
1103,1362,0
1101,1063,0
1106,1436,0
1109,1080,0
1119,1025,0
1118,1056,0
1116,1040,0
1113,1425,0
1112,1419,0
1113,1030,0
1112,1206,0
1121,1364,0
1130,1415,0
1124,1147,0
1128,1086,0
1128,1243,0
1128,1028,0
1129,1010,0
1132,1302,0
1132,1198,0
1139,1093,0
1140,1360,0
1137,1103,0
1138,1160,0
1132,1001,0
1144,1161,0
1150,1218,0
1149,1478,0
1143,1130,0
1148,1109,0
1149,1033,0
1146,1476,0
1152,1025,0
1152,1375,0
1157,1366,0
1151,1380,0
1156,1413,0
1157,1147,0
1157,1221,0
1164,1051,0
1165,1425,0
1164,1096,0
1170,1461,0
1168,1185,0
1168,1447,0
1164,1265,0
1175,1483,0
1180,1375,0
1174,1341,0
1178,1329,0
1179,1439,0
1179,1192,0
1179,1289,0
1185,1021,0
1190,1260,0
1188,1198,0
1182,1277,0
1184,1168,0
1182,1357,0
1186,1444,0
1191,1469,0
1195,1316,0
1199,1178,0
1199,1109,0
1195,1356,0
1194,1445,0
1193,1385,0
1207,1267,0
1202,1421,0
1203,1076,0
1203,1279,0
1205,1149,0
1205,1437,0
1202,1079,0
1217,1204,0
1212,1458,0
1217,1010,0
1218,1079,0
1218,1159,0
1213,1394,0
1217,1230,0
1230,1125,0
1229,1426,0
1223,1112,0
1223,1091,0
1221,1373,0
1227,1095,0
1221,1485,0
1240,1252,0
1237,1376,0
1231,1248,0
1233,1145,0
1231,1031,0
1232,1419,0
1232,1080,0
1250,1179,0
1249,1231,0
1246,1211,0
1248,1440,0
1246,1269,0
1250,1432,0
1245,1011,0
1253,1045,0
1257,1311,0
1257,1081,0
1260,1249,0
1252,1036,0
1252,1042,0
1257,1135,0
1269,1073,0
1261,1145,0
1269,1058,0
1269,1176,0
1263,1405,0
1261,1256,0
1265,1220,0
1280,1308,0
1271,1472,0
1278,1202,0
1277,1399,0
1271,1433,0
1278,1098,0
1273,1146,0
1284,1308,0
1281,1435,0
1287,1056,0
1283,1202,0
1287,1086,0
1289,1379,0
1288,1361,0
1291,1210,0
1295,1069,0
1300,1024,0
1296,1015,0
1292,1452,0
1291,1145,0
1300,1113,0
1309,1326,0
1306,1049,0
1306,1478,0
1305,1338,0
1301,1191,0
1305,1271,0
1308,1014,0
1314,1012,0
1312,1485,0
1312,1197,0
1318,1202,0
1320,1495,0
1314,1114,0
1311,1025,0
1328,1040,0
1321,1063,0
1322,1229,0
1329,1204,0
1326,1394,0
1322,1217,0
1328,1462,0
1336,1129,0
1338,1443,0
1331,1113,0
1335,1183,0
1331,1452,0
1338,1234,0
1331,1298,0
1349,1086,0
1345,1407,0
1345,1321,0
1343,1181,0
1345,1177,0
1348,1362,0
1346,1371,0
1356,1081,0
1353,1380,0
1351,1214,0
1352,1322,0
1352,1103,0
1360,1422,0
1354,1207,0
1361,1044,0
1361,1129,0
1364,1405,0
1370,1231,0
1363,1053,0
1362,1184,0
1370,1012,0
1376,1226,0
1380,1128,0
1376,1124,0
1376,1382,0
1377,1031,0
1374,1456,0
1372,1048,0
1386,1130,0
1386,1237,0
1384,1103,0
1388,1077,0
1383,1408,0
1386,1034,0
1389,1241,0
1393,1440,0
1400,1184,0
1391,1224,0
1397,1379,0
1392,1488,0
1395,1254,0
1392,1156,0
1408,1076,0
1409,1424,0
1401,1233,0
1403,1303,0
1402,1077,0
1406,1396,0
1402,1393,0
1414,1220,0
1419,1115,0
1415,1196,0
1419,1103,0
1416,1156,0
1413,1203,0
1417,1499,0
1429,1028,0
1421,1263,0
1427,1118,0
1428,1087,0
1427,1152,0
1427,1339,0
1424,1484,0
1431,1296,0
1440,1162,0
1435,1269,0
1431,1185,0
1436,1379,0
1434,1200,0
1437,1302,0
1446,1323,0
1446,1355,0
1446,1046,0
1446,1304,0
1442,1028,0
1443,1295,0
1449,1183,0
1455,1423,0
1453,1236,0
1456,1463,0
1454,1125,0
1453,1055,0
1453,1302,0
1457,1492,0
1465,1113,0
1465,1279,0
1469,1267,0
1465,1137,0
1464,1481,0
1465,1259,0
1469,1003,0
1473,1007,0
1472,1146,0
1477,1081,0
1478,1243,0
1472,1230,0
1480,1041,0
1473,1460,0
1490,1122,0
1489,1493,0
1484,1006,0
1483,1253,0
1486,1350,0
1481,1185,0
1489,1097,0
1497,1124,0
1496,1310,0
1498,1173,0
1498,1250,0
1498,1055,0
1494,1212,0
1497,1013,0
1508,1575,0
1505,1669,0
1504,1710,0
1506,1635,0
1510,1677,0
1509,1609,0
1501,1712,0
1511,1641,0
1518,1729,0
1513,1522,0
1512,1800,0
1514,1661,0
1514,1752,0
1519,1853,0
1527,1732,0
1526,1833,0
1526,1608,0
1526,1595,0
1526,1655,0
1528,1719,0
1523,1645,0
1533,1832,0
1539,1732,0
1540,1857,0
1533,1944,0
1535,1547,0
1540,1741,0
1536,1504,0
1547,1989,0
1543,1823,0
1547,1607,0
1542,1715,0
1549,1869,0
1543,1695,0
1541,1641,0
1558,1561,0
1560,1977,0
1551,1671,0
1552,1945,0
1552,1669,0
1553,1978,0
1559,1645,0
1562,1632,0
1566,1659,0
1568,1933,0
1569,1803,0
1561,1796,0
1564,1999,0
1564,1925,0
1574,1982,0
1575,1609,0
1576,1623,0
1578,1528,0
1573,1909,0
1573,1805,0
1575,1549,0
1584,1663,0
1590,1773,0
1590,1721,0
1585,1816,0
1582,1975,0
1584,1820,0
1587,1815,0
1600,1571,0
1593,1780,0
1593,1976,0
1592,1620,0
1596,1777,0
1591,1698,0
1598,1845,0
1609,1662,0
1602,1637,0
1605,1713,0
1603,1692,0
1603,1861,0
1607,1983,0
1604,1870,0
1617,1840,0
1615,1524,0
1616,1957,0
1619,1843,0
1616,1515,0
1617,1548,0
1615,1564,0
1624,1665,0
1622,1891,0
1628,1917,0
1623,1941,0
1628,1662,0
1630,1899,0
1623,1527,0
1637,1945,0
1637,1510,0
1635,1621,0
1633,1943,0
1634,1643,0
1634,1530,0
1631,1523,0
1645,1517,0
1645,1839,0
1646,1984,0
1643,1591,0
1646,1998,0
1649,1951,0
1641,1942,0
1660,1910,0
1659,1887,0
1653,1677,0
1652,1605,0
1652,1520,0
1660,1870,0
1652,1506,0
1667,1929,0
1661,1947,0
1668,1886,0
1668,1703,0
1670,1690,0
1663,1593,0
1663,1895,0
1674,1538,0
1677,1763,0
1671,1804,0
1672,1953,0
1674,1753,0
1676,1770,0
1675,1659,0
1690,1895,0
1681,1784,0
1687,1772,0
1682,1785,0
1690,1508,0
1688,1601,0
1684,1553,0
1697,1986,0
1697,1688,0
1698,1898,0
1694,1921,0
1695,1647,0
1700,1806,0
1693,1958,0
1707,1989,0
1710,1983,0
1702,1909,0
1702,1605,0
1708,1670,0
1707,1715,0
1707,1909,0
1711,1576,0
1719,1533,0
1718,1896,0
1717,1511,0
1720,1743,0
1719,1867,0
1712,1897,0
1721,1621,0
1721,1765,0
1730,1752,0
1729,1513,0
1723,1891,0
1723,1527,0
1730,1583,0
1740,1921,0
1731,1599,0
1736,1755,0
1735,1743,0
1731,1898,0
1735,1706,0
1738,1966,0
1744,1938,0
1744,1871,0
1750,1991,0
1742,1793,0
1748,1834,0
1748,1567,0
1743,1947,0
1757,1935,0
1751,1578,0
1759,1861,0
1759,1646,0
1756,1618,0
1754,1785,0
1751,1765,0
1765,1883,0
1765,1700,0
1761,1525,0
1766,1895,0
1766,1543,0
1761,1563,0
1762,1699,0
1779,1702,0
1772,1792,0
1777,1960,0
1779,1920,0
1780,1663,0
1774,1955,0
1779,1622,0
1787,1732,0
1786,1999,0
1790,1951,0
1785,1740,0
1784,1558,0
1782,1648,0
1784,1711,0
1793,1973,0
1797,1643,0
1791,1574,0
1795,1871,0
1793,1977,0
1799,1959,0
1794,1784,0
1802,1657,0
1801,1622,0
1810,1639,0
1804,1582,0
1809,1579,0
1806,1571,0
1809,1912,0
1817,1769,0
1819,1510,0
1815,1831,0
1815,1725,0
1820,1748,0
1811,1787,0
1818,1591,0
1830,1909,0
1829,1675,0
1829,1762,0
1828,1908,0
1821,1980,0
1829,1813,0
1825,1716,0
1840,1770,0
1839,1602,0
1832,1932,0
1834,1602,0
1840,1519,0
1831,1975,0
1832,1989,0
1850,1981,0
1843,1835,0
1850,1635,0
1850,1903,0
1850,1693,0
1846,1988,0
1842,1959,0
1852,1695,0
1856,1556,0
1853,1611,0
1852,1677,0
1855,1570,0
1859,1790,0
1852,1983,0
1866,1939,0
1863,1592,0
1868,1954,0
1864,1642,0
1865,1840,0
1870,1977,0
1870,1821,0
1873,1693,0
1876,1769,0
1880,1633,0
1873,1921,0
1871,1648,0
1879,1599,0
1873,1842,0
1888,1621,0
1884,1902,0
1884,1692,0
1883,1875,0
1890,1601,0
1881,1844,0
1884,1761,0
1896,1879,0
1891,1879,0
1893,1963,0
1893,1524,0
1900,1986,0
1895,1724,0
1898,1537,0
1907,1714,0
1904,1959,0
1906,1668,0
1901,1861,0
1904,1835,0
1909,1879,0
1908,1518,0
1911,1637,0
1916,1960,0
1917,1782,0
1915,1676,0
1914,1657,0
1911,1649,0
1917,1769,0
1926,1574,0
1927,1545,0
1922,1703,0
1923,1835,0
1927,1947,0
1924,1893,0
1923,1859,0
1935,1791,0
1931,1782,0
1934,1828,0
1933,1992,0
1933,1911,0
1935,1573,0
1935,1771,0
1944,1553,0
1946,1927,0
1943,1700,0
1942,1514,0
1943,1905,0
1943,1627,0
1941,1582,0
1955,1618,0
1953,1525,0
1958,1984,0
1957,1980,0
1958,1837,0
1952,1632,0
1954,1984,0
1961,1722,0
1969,1863,0
1961,1527,0
1966,1513,0
1969,1530,0
1963,1594,0
1961,1930,0
1975,1955,0
1980,1765,0
1980,1730,0
1979,1967,0
1972,1632,0
1976,1788,0
1975,1536,0
1984,1678,0
1985,1626,0
1984,1557,0
1989,1769,0
1981,1711,0
1983,1709,0
1982,1892,0
1994,1596,0
1992,1951,0
1994,1718,0
1996,1755,0
1991,1758,0
1998,1990,0
1991,1777,0
2005,2464,0
2002,2263,0
2008,2403,0
2009,2097,0
2002,2346,0
2005,2220,0
2003,2278,0
2016,2413,0
2014,2280,0
2019,2067,0
2011,2220,0
2019,2022,0
2015,2233,0
2012,2102,0
2025,2076,0
2022,2257,0
2030,2311,0
2027,2042,0
2022,2356,0
2026,2341,0
2022,2047,0
2035,2370,0
2038,2394,0
2032,2052,0
2035,2156,0
2032,2051,0
2031,2067,0
2035,2335,0
2050,2400,0
2049,2418,0
2044,2091,0
2047,2467,0
2050,2457,0
2045,2406,0
2045,2269,0
2058,2119,0
2054,2283,0
2058,2046,0
2051,2423,0
2056,2079,0
2054,2037,0
2055,2486,0
2065,2398,0
2068,2353,0
2067,2410,0
2068,2101,0
2068,2250,0
2063,2255,0
2070,2357,0
2080,2401,0
2080,2310,0
2079,2025,0
2072,2336,0
2077,2230,0
2071,2487,0
2076,2066,0
2084,2439,0
2090,2462,0
2087,2364,0
2081,2096,0
2089,2033,0
2082,2358,0
2084,2194,0
2095,2488,0
2096,2372,0
2097,2184,0
2096,2413,0
2095,2420,0
2094,2323,0
2099,2367,0
2106,2319,0
2109,2256,0
2108,2233,0
2110,2078,0
2102,2296,0
2106,2447,0
2104,2313,0
2116,2463,0
2112,2067,0
2113,2227,0
2116,2123,0
2116,2256,0
2118,2044,0
2115,2284,0
2124,2146,0
2127,2495,0
2121,2030,0
2125,2319,0
2121,2090,0
2121,2008,0
2123,2352,0
2138,2173,0
2140,2030,0
2139,2371,0
2133,2167,0
2139,2441,0
2133,2224,0
2138,2208,0
2145,2311,0
2150,2275,0
2143,2377,0
2143,2265,0
2148,2297,0
2147,2002,0
2150,2285,0
2152,2027,0
2151,2205,0
2152,2363,0
2160,2093,0
2157,2032,0
2160,2386,0
2159,2148,0
2169,2118,0
2167,2239,0
2165,2446,0
2167,2083,0
2170,2240,0
2166,2276,0
2161,2228,0
2175,2209,0
2173,2338,0
2174,2012,0
2179,2417,0
2179,2393,0
2180,2445,0
2176,2022,0
2187,2380,0
2182,2152,0
2187,2252,0
2189,2472,0
2186,2011,0
2181,2027,0
2183,2263,0
2191,2149,0
2197,2372,0
2195,2348,0
2195,2394,0
2194,2234,0
2193,2211,0
2196,2252,0
2205,2042,0
2203,2393,0
2201,2169,0
2207,2075,0
2207,2306,0
2208,2035,0
2201,2138,0
2214,2124,0
2213,2171,0
2218,2140,0
2214,2021,0
2220,2198,0
2217,2346,0
2211,2104,0
2229,2047,0
2228,2373,0
2222,2097,0
2223,2462,0
2228,2402,0
2223,2022,0
2226,2299,0
2238,2024,0
2233,2002,0
2233,2469,0
2236,2124,0
2236,2467,0
2236,2103,0
2231,2440,0
2246,2491,0
2242,2076,0
2242,2368,0
2243,2394,0
2249,2073,0
2241,2329,0
2247,2104,0
2257,2371,0
2255,2481,0
2260,2491,0
2256,2189,0
2256,2383,0
2256,2470,0
2251,2478,0
2265,2002,0
2262,2090,0
2264,2374,0
2262,2237,0
2267,2165,0
2263,2206,0
2269,2074,0
2275,2371,0
2271,2036,0
2271,2290,0
2274,2039,0
2276,2470,0
2275,2249,0
2279,2138,0
2285,2474,0
2287,2494,0
2286,2104,0
2283,2275,0
2285,2150,0
2282,2012,0
2284,2330,0
2292,2055,0
2295,2420,0
2291,2149,0
2293,2070,0
2298,2117,0
2299,2166,0
2291,2347,0
2303,2365,0
2304,2247,0
2306,2005,0
2304,2014,0
2304,2455,0
2310,2224,0
2308,2410,0
2316,2449,0
2313,2283,0
2319,2070,0
2315,2151,0
2311,2091,0
2318,2288,0
2314,2026,0
2329,2257,0
2321,2332,0
2328,2295,0
2328,2260,0
2324,2463,0
2329,2383,0
2321,2184,0
2340,2216,0
2338,2081,0
2338,2365,0
2339,2227,0
2339,2311,0
2333,2188,0
2336,2240,0
2348,2456,0
2344,2137,0
2346,2048,0
2349,2094,0
2343,2398,0
2344,2256,0
2348,2050,0
2359,2245,0
2353,2056,0
2360,2474,0
2354,2449,0
2354,2051,0
2352,2225,0
2356,2205,0
2369,2246,0
2370,2398,0
2364,2417,0
2367,2353,0
2366,2149,0
2365,2329,0
2363,2125,0
2380,2035,0
2374,2335,0
2374,2407,0
2374,2267,0
2378,2362,0
2377,2095,0
2379,2427,0
2385,2494,0
2382,2268,0
2390,2362,0
2390,2495,0
2382,2070,0
2384,2222,0
2388,2202,0
2393,2423,0
2395,2178,0
2396,2306,0
2396,2119,0
2394,2207,0
2391,2308,0
2391,2442,0
2404,2011,0
2403,2486,0
2407,2355,0
2405,2487,0
2409,2394,0
2410,2317,0
2405,2292,0
2413,2423,0
2416,2045,0
2415,2499,0
2417,2321,0
2411,2355,0
2416,2174,0
2413,2210,0
2424,2392,0
2427,2015,0
2430,2181,0
2425,2191,0
2421,2381,0
2429,2452,0
2422,2078,0
2437,2062,0
2437,2412,0
2439,2285,0
2434,2397,0
2440,2347,0
2439,2109,0
2439,2131,0
2445,2244,0
2441,2201,0
2443,2468,0
2446,2175,0
2442,2269,0
2446,2325,0
2447,2476,0
2456,2124,0
2458,2079,0
2459,2390,0
2460,2140,0
2459,2228,0
2453,2211,0
2455,2142,0
2464,2095,0
2464,2498,0
2463,2083,0
2470,2235,0
2462,2290,0
2466,2419,0
2466,2446,0
2477,2121,0
2479,2373,0
2476,2393,0
2477,2066,0
2476,2497,0
2480,2076,0
2473,2329,0
2489,2171,0
2487,2206,0
2481,2314,0
2484,2336,0
2488,2037,0
2484,2114,0
2486,2107,0
2492,2438,0
2491,2428,0
2491,2294,0
2498,2054,0
2497,2345,0
2498,2272,0
2491,2274,0
2503,2804,0
2505,2674,0
2502,2839,0
2504,2946,0
2506,2511,0
2506,2833,0
2501,2535,0
2519,2815,0
2512,2824,0
2512,2579,0
2520,2986,0
2518,2547,0
2513,2602,0
2518,2929,0
2527,2806,0
2524,2886,0
2523,2703,0
2528,2971,0
2530,2501,0
2525,2713,0
2529,2647,0
2540,2805,0
2532,2547,0
2533,2987,0
2532,2828,0
2536,2824,0
2536,2842,0
2537,2513,0
2541,2692,0
2542,2730,0
2546,2805,0
2543,2567,0
2547,2674,0
2542,2590,0
2543,2523,0
2558,2565,0
2553,2629,0
2558,2854,0
2558,2719,0
2554,2668,0
2559,2990,0
2557,2523,0
2565,2574,0
2561,2642,0
2567,2610,0
2563,2678,0
2569,2675,0
2561,2903,0
2567,2600,0
2572,2564,0
2574,2563,0
2574,2764,0
2573,2982,0
2580,2590,0
2577,2802,0
2579,2554,0
2581,2621,0
2587,2907,0
2590,2571,0
2588,2714,0
2582,2749,0
2586,2797,0
2584,2951,0
2599,2974,0
2597,2750,0
2591,2557,0
2597,2776,0
2591,2616,0
2593,2836,0
2592,2670,0
2601,2805,0
2608,2520,0
2609,2568,0
2603,2945,0
2609,2689,0
2608,2714,0
2605,2694,0
2614,2780,0
2611,2936,0
2612,2554,0
2618,2991,0
2613,2672,0
2613,2580,0
2620,2782,0
2628,2680,0
2630,2887,0
2626,2508,0
2630,2952,0
2629,2571,0
2624,2649,0
2624,2801,0
2635,2808,0
2633,2531,0
2640,2825,0
2635,2849,0
2633,2792,0
2633,2972,0
2634,2547,0
2648,2743,0
2647,2939,0
2646,2939,0
2646,2941,0
2648,2561,0
2647,2745,0
2644,2824,0
2653,2695,0
2659,2797,0
2657,2705,0
2651,2686,0
2656,2722,0
2660,2538,0
2659,2684,0
2668,2577,0
2664,2795,0
2661,2592,0
2669,2943,0
2661,2772,0
2666,2981,0
2665,2722,0
2674,2693,0
2680,2850,0
2677,2953,0
2673,2818,0
2677,2588,0
2679,2817,0
2671,2791,0
2683,2650,0
2689,2509,0
2685,2663,0
2684,2824,0
2688,2777,0
2684,2939,0
2689,2973,0
2693,2618,0
2696,2901,0
2694,2517,0
2697,2579,0
2695,2874,0
2696,2758,0
2692,2536,0
2708,2648,0
2707,2553,0
2708,2852,0
2705,2975,0
2704,2842,0
2701,2522,0
2701,2536,0
2711,2823,0
2715,2960,0
2718,2786,0
2716,2695,0
2715,2661,0
2712,2721,0
2713,2924,0
2721,2612,0
2722,2917,0
2722,2605,0
2726,2686,0
2722,2610,0
2724,2576,0
2725,2620,0
2734,2794,0
2740,2544,0
2733,2618,0
2736,2584,0
2736,2945,0
2738,2922,0
2732,2854,0
2742,2763,0
2750,2987,0
2745,2667,0
2749,2666,0
2750,2501,0
2743,2962,0
2748,2964,0
2755,2647,0
2760,2783,0
2757,2692,0
2755,2688,0
2757,2951,0
2757,2841,0
2754,2982,0
2764,2732,0
2769,2669,0
2764,2518,0
2769,2989,0
2764,2840,0
2761,2711,0
2761,2567,0
2775,2717,0
2780,2576,0
2777,2604,0
2773,2814,0
2777,2723,0
2776,2929,0
2780,2853,0
2784,2912,0
2782,2808,0
2782,2890,0
2786,2909,0
2782,2589,0
2790,2665,0
2786,2734,0
2800,2700,0
2800,2945,0
2797,2619,0
2794,2868,0
2800,2547,0
2796,2976,0
2794,2580,0
2804,2605,0
2803,2899,0
2803,2532,0
2803,2672,0
2806,2879,0
2806,2790,0
2810,2589,0
2819,2587,0
2817,2579,0
2812,2827,0
2812,2826,0
2812,2793,0
2813,2774,0
2815,2621,0
2828,2624,0
2826,2590,0
2829,2748,0
2827,2758,0
2826,2850,0
2829,2766,0
2824,2721,0
2837,2718,0
2834,2522,0
2837,2796,0
2835,2529,0
2835,2853,0
2833,2659,0
2836,2876,0
2850,2791,0
2848,2718,0
2844,2699,0
2845,2595,0
2845,2527,0
2847,2570,0
2844,2702,0
2852,2587,0
2859,2907,0
2860,2585,0
2856,2911,0
2860,2660,0
2858,2653,0
2856,2891,0
2864,2655,0
2870,2802,0
2869,2933,0
2863,2546,0
2869,2781,0
2868,2774,0
2864,2649,0
2878,2816,0
2872,2978,0
2875,2695,0
2875,2972,0
2873,2991,0
2872,2658,0
2879,2927,0
2890,2856,0
2888,2716,0
2882,2516,0
2889,2680,0
2883,2826,0
2890,2684,0
2887,2664,0
2899,2666,0
2891,2810,0
2898,2971,0
2897,2750,0
2892,2667,0
2900,2674,0
2891,2610,0
2901,2529,0
2909,2927,0
2909,2729,0
2906,2684,0
2902,2725,0
2909,2983,0
2905,2727,0
2917,2947,0
2917,2757,0
2913,2774,0
2913,2644,0
2920,2556,0
2914,2851,0
2918,2561,0
2928,2701,0
2930,2703,0
2926,2849,0
2927,2959,0
2929,2681,0
2927,2860,0
2926,2884,0
2938,2719,0
2940,2722,0
2932,2561,0
2932,2891,0
2940,2813,0
2938,2681,0
2940,2518,0
2945,2882,0
2942,2605,0
2950,2855,0
2943,2902,0
2945,2553,0
2948,2992,0
2943,2866,0
2954,2874,0
2956,2599,0
2953,2851,0
2953,2799,0
2959,2853,0
2954,2690,0
2953,2764,0
2969,2574,0
2963,2825,0
2965,2956,0
2968,2866,0
2969,2881,0
2966,2707,0
2965,2776,0
2977,2501,0
2974,2669,0
2971,2806,0
2978,2688,0
2971,2957,0
2972,2993,0
2973,2652,0
2981,2952,0
2984,2787,0
2985,2924,0
2988,2741,0
2981,2601,0
2989,2854,0
2985,2526,0
2997,2961,0
3000,2896,0
2992,2985,0
2993,2885,0
2993,2531,0
2993,2696,0
2992,2567,0
3010,3073,0
3009,3254,0
3003,3296,0
3006,3183,0
3004,3030,0
3008,3267,0
3005,3217,0
3013,3006,0
3018,3026,0
3020,3287,0
3015,3101,0
3012,3380,0
3017,3126,0
3011,3259,0
3030,3320,0
3029,3292,0
3028,3376,0
3027,3431,0
3027,3221,0
3024,3142,0
3028,3120,0
3038,3334,0
3035,3383,0
3038,3027,0
3033,3291,0
3040,3249,0
3035,3312,0
3040,3273,0
3048,3057,0
3050,3004,0
3048,3351,0
3048,3319,0
3048,3096,0
3048,3349,0
3043,3060,0
3060,3478,0
3060,3318,0
3055,3247,0
3053,3100,0
3057,3436,0
3054,3243,0
3059,3392,0
3061,3136,0
3069,3398,0
3061,3314,0
3066,3153,0
3064,3267,0
3063,3163,0
3061,3433,0
3071,3013,0
3076,3195,0
3072,3423,0
3071,3215,0
3080,3421,0
3079,3029,0
3071,3147,0
3090,3279,0
3089,3170,0
3086,3147,0
3088,3112,0
3084,3230,0
3089,3366,0
3084,3370,0
3094,3280,0
3096,3302,0
3099,3477,0
3095,3079,0
3095,3217,0
3099,3336,0
3099,3495,0
3105,3419,0
3101,3413,0
3104,3073,0
3102,3288,0
3102,3217,0
3110,3500,0
3103,3447,0
3116,3241,0
3118,3194,0
3119,3022,0
3119,3446,0
3115,3296,0
3117,3471,0
3117,3468,0
3125,3330,0
3129,3166,0
3129,3083,0
3124,3087,0
3130,3462,0
3128,3356,0
3130,3226,0
3132,3217,0
3132,3240,0
3131,3145,0
3131,3162,0
3136,3416,0
3137,3332,0
3136,3328,0
3143,3472,0
3143,3077,0
3144,3421,0
3149,3078,0
3145,3474,0
3148,3455,0
3147,3261,0
3159,3145,0
3152,3360,0
3152,3383,0
3159,3150,0
3158,3408,0
3155,3252,0
3154,3074,0
3169,3461,0
3166,3457,0
3169,3226,0
3161,3342,0
3167,3291,0
3168,3446,0
3169,3422,0
3178,3495,0
3172,3454,0
3179,3291,0
3176,3389,0
3177,3221,0
3177,3420,0
3173,3028,0
3181,3398,0
3181,3294,0
3189,3096,0
3189,3009,0
3189,3095,0
3185,3193,0
3183,3176,0
3199,3072,0
3198,3484,0
3198,3341,0
3198,3371,0
3195,3085,0
3199,3142,0
3191,3329,0
3206,3095,0
3204,3152,0
3206,3072,0
3204,3409,0
3207,3362,0
3208,3133,0
3205,3497,0
3217,3198,0
3212,3111,0
3214,3028,0
3215,3447,0
3214,3123,0
3218,3351,0
3217,3358,0
3223,3332,0
3224,3254,0
3227,3032,0
3225,3389,0
3227,3457,0
3225,3363,0
3224,3267,0
3237,3362,0
3240,3069,0
3239,3065,0
3236,3073,0
3236,3210,0
3231,3122,0
3231,3313,0
3244,3231,0
3249,3368,0
3249,3210,0
3250,3374,0
3246,3439,0
3248,3084,0
3245,3340,0
3259,3314,0
3259,3109,0
3254,3288,0
3260,3398,0
3252,3361,0
3255,3265,0
3251,3363,0
3267,3281,0
3262,3099,0
3265,3229,0
3264,3244,0
3268,3196,0
3265,3440,0
3263,3108,0
3276,3341,0
3278,3378,0
3275,3354,0
3279,3385,0
3278,3091,0
3274,3311,0
3280,3192,0
3289,3256,0
3289,3469,0
3290,3432,0
3288,3082,0
3281,3498,0
3290,3144,0
3282,3119,0
3297,3362,0
3299,3338,0
3300,3441,0
3293,3165,0
3293,3471,0
3292,3278,0
3298,3172,0
3301,3266,0
3304,3361,0
3305,3080,0
3303,3126,0
3307,3143,0
3302,3493,0
3308,3290,0
3316,3216,0
3311,3169,0
3317,3079,0
3318,3112,0
3312,3413,0
3317,3367,0
3313,3207,0
3329,3411,0
3323,3024,0
3327,3180,0
3328,3056,0
3326,3305,0
3326,3410,0
3327,3442,0
3335,3012,0
3338,3171,0
3331,3101,0
3339,3452,0
3335,3452,0
3339,3201,0
3337,3479,0
3346,3485,0
3346,3261,0
3341,3183,0
3347,3026,0
3344,3324,0
3345,3290,0
3344,3382,0
3352,3014,0
3355,3453,0
3359,3052,0
3355,3067,0
3355,3268,0
3359,3413,0
3351,3198,0
3363,3320,0
3361,3459,0
3370,3481,0
3362,3174,0
3368,3323,0
3370,3140,0
3368,3322,0
3372,3401,0
3372,3258,0
3377,3302,0
3380,3229,0
3375,3056,0
3378,3340,0
3374,3322,0
3382,3245,0
3389,3485,0
3383,3224,0
3382,3442,0
3383,3194,0
3390,3493,0
3385,3323,0
3396,3220,0
3397,3109,0
3400,3381,0
3393,3452,0
3396,3010,0
3393,3403,0
3395,3223,0
3407,3486,0
3403,3262,0
3402,3335,0
3407,3478,0
3404,3252,0
3403,3497,0
3403,3149,0
3414,3457,0
3414,3289,0
3419,3159,0
3411,3467,0
3412,3369,0
3417,3478,0
3412,3320,0
3427,3256,0
3429,3291,0
3427,3459,0
3427,3049,0
3425,3471,0
3427,3172,0
3421,3044,0
3436,3051,0
3436,3058,0
3437,3169,0
3439,3024,0
3431,3043,0
3431,3486,0
3440,3183,0
3450,3155,0
3450,3346,0
3446,3032,0
3445,3023,0
3445,3038,0
3447,3034,0
3449,3280,0
3460,3026,0
3454,3337,0
3456,3361,0
3452,3095,0
3451,3038,0
3460,3205,0
3457,3487,0
3465,3268,0
3467,3190,0
3465,3223,0
3467,3259,0
3469,3150,0
3464,3172,0
3462,3262,0
3480,3378,0
3475,3298,0
3478,3468,0
3471,3046,0
3479,3324,0
3472,3240,0
3473,3416,0
3485,3275,0
3489,3433,0
3486,3122,0
3486,3390,0
3485,3026,0
3485,3208,0
3482,3176,0
3494,3346,0
3491,3037,0
3497,3047,0
3492,3381,0
3498,3159,0
3497,3342,0
3497,3396,0
